project_id,scheme,project_name,display_name,district,pbt,mukim,developer,category,house_type,units,price_min_rm,price_max_rm,status,progress_pct,expected_completion,completed_year,latitude,longitude,location_precision,source_id,source_date,verification,snapshot,record_scope,source_row,location_text,historical_match_ids,historical_match_note
LPHS25-C-001,Rumah Selangorku,Pangsapuri Aurora,Pangsapuri Aurora,Petaling,MBSA,Sungai Buloh,Johawaki Development Sdn. Bhd.,,,90,,,Siap Dibina,100,,,,,lokasi/lot daripada masterlist LPHS; koordinat tidak disediakan,SRC-LPHS-RSKU-Q1-2025,2025-Q1,Masterlist LPHS Q1 2025 dibekalkan pengguna; rekod diekstrak terus daripada jadual sumber,2025-Q1,LPHS baseline,1,"Hakmilik HSD 238195 PT 46907 dan HSD 259774 PT 47290 Saujana Permai, Seksyen U17 Shah Alam, Di Mukim Sungai Buloh, Daerah Petaling.",,
LPHS25-C-002,Rumah Selangorku,Pangsapuri Aranda,Pangsapuri Aranda,Klang,MBSA,Klang,Hicom Gamuda Development Sdn. Bhd.,,,458,,,Siap Dibina,100,,,,,lokasi/lot daripada masterlist LPHS; koordinat tidak disediakan,SRC-LPHS-RSKU-Q1-2025,2025-Q1,Masterlist LPHS Q1 2025 dibekalkan pengguna; rekod diekstrak terus daripada jadual sumber,2025-Q1,LPHS baseline,2,"Di Atas Hakmilik GRN 330808 Lot 70877 Di Jalan Anggerik Aranda 31/1, Kota Kemuning, Seksyen 31, Shah Alam, Mukim Klang, Daerah Klang.",,
LPHS25-C-003,Rumah Selangorku,Pangsapuri Seri Musytari @ Subang Bestari,Pangsapuri Seri Musytari @ Subang Bestari,Petaling,MBSA,Sungai Buloh,Worldwide Holdings Berhad (Subang Bestari),,,168,,,Siap Dibina,100,,,,,lokasi/lot daripada masterlist LPHS; koordinat tidak disediakan,SRC-LPHS-RSKU-Q1-2025,2025-Q1,Masterlist LPHS Q1 2025 dibekalkan pengguna; rekod diekstrak terus daripada jadual sumber,2025-Q1,LPHS baseline,3,"Hakmilik PM 4845 Lot 37309 dan HS(M) 10274 PT 34425 di Subang Bestari, Seksyen U5 Shah Alam, Mukim Sungai Buloh, Daerah Petaling.",,
LPHS25-C-004,Rumah Selangorku,Apartment Villa 3 Tingkat Seri Aduria @ Subang Bestari,Apartment Villa 3 Tingkat Seri Aduria @ Subang Bestari,Petaling,MBSA,Sungai Buloh,Worldwide Holdings Berhad,,,54,,,Siap Dibina,100,,,,,lokasi/lot daripada masterlist LPHS; koordinat tidak disediakan,SRC-LPHS-RSKU-Q1-2025,2025-Q1,Masterlist LPHS Q1 2025 dibekalkan pengguna; rekod diekstrak terus daripada jadual sumber,2025-Q1,LPHS baseline,4,"Hakmilik PM 4845 Lot 37309 dan HS(M) 10274 PT 34425 di Subang Bestari, Seksyen U5 Shah Alam, Mukim Sungai Buloh, Daerah Petaling.",,
LPHS25-C-005,Rumah Selangorku,Kemuning Idaman,Kemuning Idaman,Klang,MBSA,Klang,Paramount Property Sdn. Bhd.,,,650,,,Siap Dibina,100,,,,,lokasi/lot daripada masterlist LPHS; koordinat tidak disediakan,SRC-LPHS-RSKU-Q1-2025,2025-Q1,Masterlist LPHS Q1 2025 dibekalkan pengguna; rekod diekstrak terus daripada jadual sumber,2025-Q1,LPHS baseline,5,"Di Atas Geran 316986 Lot 170837 (Dahulunya dikenali Geran 278967, Lot 121898), Persiaran Kemuning Damai, Kemuning Utama, Seksyen 32, Shah Alam, Mukim Klang, Daerah Klang",,
LPHS25-C-006,Rumah Selangorku,De Kiara,De Kiara,Petaling,MBSA,Bukit Raja,Bandar Setia Alam Sdn. Bhd. (SP Setia Berhad) DE KIARA,,,737,,,Siap Dibina,100,,,,,lokasi/lot daripada masterlist LPHS; koordinat tidak disediakan,SRC-LPHS-RSKU-Q1-2025,2025-Q1,Masterlist LPHS Q1 2025 dibekalkan pengguna; rekod diekstrak terus daripada jadual sumber,2025-Q1,LPHS baseline,6,"Hakmilik HS(D) 204089 PT 7716, HS(D) 295909 PT 32437, HS(D) 295910 PT 32438, HS(D) 295911 PT 32439, HS(D) 252841 PT 23564, HS(D) 303258 PT 36170, HS(D) 303259 PT 36171, HS(D) 303260 PT 36172 Setia Alam, Seksyen U13 Mukim Bukit Raja, Daerah Petaling.",,
LPHS25-C-007,Rumah Selangorku,De Bayu,De Bayu,Petaling,MBSA,Bukit Raja,Bandar Setia Alam Sdn. Bhd. (SP Setia Berhad) DE BAYU,,,723,,,Siap Dibina,100,,,,,lokasi/lot daripada masterlist LPHS; koordinat tidak disediakan,SRC-LPHS-RSKU-Q1-2025,2025-Q1,Masterlist LPHS Q1 2025 dibekalkan pengguna; rekod diekstrak terus daripada jadual sumber,2025-Q1,LPHS baseline,7,"Hakmilik HS(D) 204089 PT 7716, HS(D) 295909 PT 32437, HS(D) 295910 PT 32438, HS(D) 295911 PT 32439, HS(D) 252841 PT 23564, HS(D) 303258 PT 36170, HS(D) 303259 PT 36171, HS(D) 303260 PT 36172 Setia Alam, Seksyen U13 Mukim Bukit Raja, Daerah Petaling.",,
LPHS25-C-008,Rumah Selangorku,De Cendana,De Cendana,Petaling,MBSA,Bukit Raja,Bandar Setia Alam Sdn. Bhd. (SP Setia Berhad) DE CENDANA,,,624,,,Siap Dibina,100,,,,,lokasi/lot daripada masterlist LPHS; koordinat tidak disediakan,SRC-LPHS-RSKU-Q1-2025,2025-Q1,Masterlist LPHS Q1 2025 dibekalkan pengguna; rekod diekstrak terus daripada jadual sumber,2025-Q1,LPHS baseline,8,"Hakmilik HS(D) 204089 PT 7716, HS(D) 295909 PT 32437, HS(D) 295910 PT 32438, HS(D) 295911 PT 32439, HS(D) 252841 PT 23564, HS(D) 303258 PT 36170, HS(D) 303259 PT 36171, HS(D) 303260 PT 36172 Setia Alam, Seksyen U13 Mukim Bukit Raja, Daerah Petaling.",,
LPHS25-C-009,Rumah Selangorku,De Cemara,De Cemara,Petaling,MBSA,Bukit Raja,Bandar Setia Alam Sdn. Bhd. (SP Setia Berhad) DE CEMARA,,,442,,,Siap Dibina,100,,,,,lokasi/lot daripada masterlist LPHS; koordinat tidak disediakan,SRC-LPHS-RSKU-Q1-2025,2025-Q1,Masterlist LPHS Q1 2025 dibekalkan pengguna; rekod diekstrak terus daripada jadual sumber,2025-Q1,LPHS baseline,9,"Hakmilik HS(D) 204089 PT 7716, HS(D) 295909 PT 32437, HS(D) 295910 PT 32438, HS(D) 295911 PT 32439, HS(D) 252841 PT 23564, HS(D) 303258 PT 36170, HS(D) 303259 PT 36171, HS(D) 303260 PT 36172 Setia Alam, Seksyen U13 Mukim Bukit Raja, Daerah Petaling.",,
LPHS25-C-010,Rumah Selangorku,Pangsapuri Nadayu 801,Pangsapuri Nadayu 801,Petaling,MBSA,,Teguh Majuria Sdn. Bhd.,,,263,,,Siap Dibina,100,,,,,lokasi/lot daripada masterlist LPHS; koordinat tidak disediakan,SRC-LPHS-RSKU-Q1-2025,2025-Q1,Masterlist LPHS Q1 2025 dibekalkan pengguna; rekod diekstrak terus daripada jadual sumber,2025-Q1,LPHS baseline,10,"Di Atas Hakmilik HS(D) 265264 PT 797, Pekan Baru Subang, Daerah Petaling.",,
LPHS25-C-011,Rumah Selangorku,Pangsapuri Serai Wangi,Pangsapuri Serai Wangi,Petaling,MBSA,,PKNS & Debbins Sdn Bhd,,,104,,,Siap Dibina,100,,,,,lokasi/lot daripada masterlist LPHS; koordinat tidak disediakan,SRC-LPHS-RSKU-Q1-2025,2025-Q1,Masterlist LPHS Q1 2025 dibekalkan pengguna; rekod diekstrak terus daripada jadual sumber,2025-Q1,LPHS baseline,11,"Sebahagian Lot 8093, Persiaran Seri Wangi, Desa Alam Seksyen U12, Shah Alam, Daerah Petaling.",,
LPHS25-C-012,Rumah Selangorku,Pangsapuri Alam Budiman,Pangsapuri Alam Budiman,Petaling,MBSA,Bukit Raja,Sin Heap Lee Dev Sdn Bhd,,,536,,,Siap Dibina,100,,,,,lokasi/lot daripada masterlist LPHS; koordinat tidak disediakan,SRC-LPHS-RSKU-Q1-2025,2025-Q1,Masterlist LPHS Q1 2025 dibekalkan pengguna; rekod diekstrak terus daripada jadual sumber,2025-Q1,LPHS baseline,12,"PT 32411 (Lot Asal PT 20028, PT 20642 Dan PT 20643), Taman Alam Budiman, Seksyen U10 Shah Alam, Mukim Bukit Raja, Daerah Petaling.",,
LPHS25-C-013,Rumah Selangorku,De Palma,De Palma,Petaling,MBSA,Bukit Raja,Bandar Setia Alam Sdn. Bhd. (SP Setia Berhad) DE PALMA,,,730,,,Siap Dibina,100,,,,,lokasi/lot daripada masterlist LPHS; koordinat tidak disediakan,SRC-LPHS-RSKU-Q1-2025,2025-Q1,Masterlist LPHS Q1 2025 dibekalkan pengguna; rekod diekstrak terus daripada jadual sumber,2025-Q1,LPHS baseline,13,"Hakmilik HS(D) 204089 PT 7716, HS(D) 295909 PT 32437, HS(D) 295910 PT 32438, HS(D) 295911 PT 32439, HS(D) 252841 PT 23564, HS(D) 303258 PT 36170, HS(D) 303259 PT 36171, HS(D) 303260 PT 36172 Setia Alam, Seksyen U13 Mukim Bukit Raja, Daerah Petaling.",,
LPHS25-C-014,Rumah Selangorku,Pangsapuri Tun Teja,Pangsapuri Tun Teja,Klang,MBSA,Klang,I & P Alam Impian Sdn. Bhd.,,,1291,,,Siap Dibina,100,,,,,lokasi/lot daripada masterlist LPHS; koordinat tidak disediakan,SRC-LPHS-RSKU-Q1-2025,2025-Q1,Masterlist LPHS Q1 2025 dibekalkan pengguna; rekod diekstrak terus daripada jadual sumber,2025-Q1,LPHS baseline,14,"Di Atas HSD 150406 PT 142901, HSD 150408 LOT 142904, HSD 150409 PT 142906, HSD 150411 PT 142910, HSD 150412 PT 142911 HSD 150414 PT 142917, HSD 153594 PT 146226 Dan HSD 153595 PT 146227, Alam Impian, Seksyen 35, Shah Alam, Mukim Klang, Daerah Klang.",,
LPHS25-C-015,Rumah Selangorku,Pangsapuri Harmoni 1 @ Elmina West,Pangsapuri Harmoni 1 @ Elmina West,Petaling,MBSA,Sungai Buloh,Sime Darby Elmina Development Sdn. Bhd.,,,562,,,Siap Dibina,100,,,,,lokasi/lot daripada masterlist LPHS; koordinat tidak disediakan,SRC-LPHS-RSKU-Q1-2025,2025-Q1,Masterlist LPHS Q1 2025 dibekalkan pengguna; rekod diekstrak terus daripada jadual sumber,2025-Q1,LPHS baseline,15,"Di Atas No. 2 (PT 54367), Jalan Casuarina U17/56, Elmina, Seksyen U17, Mukim Sungai Buloh, Daerah Petaling.",,
LPHS25-C-016,Rumah Selangorku,"Pangsapuri Kenangan, Bukit Rimau","Pangsapuri Kenangan, Bukit Rimau",Klang,MBSA,Klang,Bukit Rimau Development Sdn. Bhd.,,,86,,,Siap Dibina,100,,,,,lokasi/lot daripada masterlist LPHS; koordinat tidak disediakan,SRC-LPHS-RSKU-Q1-2025,2025-Q1,Masterlist LPHS Q1 2025 dibekalkan pengguna; rekod diekstrak terus daripada jadual sumber,2025-Q1,LPHS baseline,16,"Di Atas No.5 (PT 99641), Jalan Sungai Congkak 32/ 41, Seksyen 32, Mukim Klang, Daerah Klang.",,
LPHS25-C-017,Rumah Selangorku,,Projek Perancangan MBPJ 017,Petaling,MBPJ,,Tact Mission Sdn. Bhd.,,,375,,,Siap Dibina,100,,,,,lokasi/lot daripada masterlist LPHS; koordinat tidak disediakan,SRC-LPHS-RSKU-Q1-2025,2025-Q1,Masterlist LPHS Q1 2025 dibekalkan pengguna; district_derived_from_pbt; project_name_not_provided_in_source,2025-Q1,LPHS baseline,17,Tact Mission Sdn. Bhd.,,
LPHS25-C-018,Rumah Selangorku,Pangsapuri Rimariang,Pangsapuri Rimariang,Petaling,MBPJ,,Radikal Kirana Sdn. Bhd. (Peter's Brickworks/Kembar Empat),,,249,,,Siap Dibina,100,,,,,lokasi/lot daripada masterlist LPHS; koordinat tidak disediakan,SRC-LPHS-RSKU-Q1-2025,2025-Q1,Masterlist LPHS Q1 2025 dibekalkan pengguna; district_derived_from_pbt,2025-Q1,LPHS baseline,18,Radikal Kirana Sdn. Bhd. (Peter's Brickworks/Kembar Empat),,
LPHS25-C-019,Rumah Selangorku,"Pangsapuri Aronia (Fasa A10), Bandar Parklands","Pangsapuri Aronia (Fasa A10), Bandar Parklands",Klang,MBDK,Klang,Gabungan Efektif Sdn. Bhd. (WCT Holdings Berhad),,,320,,,Siap Dibina,100,,,,,lokasi/lot daripada masterlist LPHS; koordinat tidak disediakan,SRC-LPHS-RSKU-Q1-2025,2025-Q1,Masterlist LPHS Q1 2025 dibekalkan pengguna; rekod diekstrak terus daripada jadual sumber,2025-Q1,LPHS baseline,19,"Di Atas Hakmilik HSD 141418 PT 106978 (A6), HSD 141419 PT 106981 (A7), HSD 141319 PT 106870 (A9), Dan HSD 141417 PT 106976 (A10) Di Mukim Klang, Daerah Klang.",,
LPHS25-C-020,Rumah Selangorku,Bandar Bukit Raja (Seruling),Bandar Bukit Raja (Seruling),Klang,MBDK,Kapar,Sime Darby Property (Klang) Sdn. Bhd.,,,618,,,Siap Dibina,100,,,,,lokasi/lot daripada masterlist LPHS; koordinat tidak disediakan,SRC-LPHS-RSKU-Q1-2025,2025-Q1,Masterlist LPHS Q1 2025 dibekalkan pengguna; rekod diekstrak terus daripada jadual sumber,2025-Q1,LPHS baseline,20,"Di Atas hakmilik HSD 138520 PT 69097, HSD 15134 PT 72198, Geran 154246 Lot 45390 dan Geran 164622 Lot 46961, Mukim Kapar, Daerah Klang.",,
LPHS25-C-021,Rumah Selangorku,Bandar Bukit Raja (Serunai),Bandar Bukit Raja (Serunai),Klang,MBDK,Kapar,Sime Darby Property (Klang) Sdn. Bhd.,,,570,,,Siap Dibina,100,,,,,lokasi/lot daripada masterlist LPHS; koordinat tidak disediakan,SRC-LPHS-RSKU-Q1-2025,2025-Q1,Masterlist LPHS Q1 2025 dibekalkan pengguna; rekod diekstrak terus daripada jadual sumber,2025-Q1,LPHS baseline,21,"Di Atas hakmilik HSD 138520 PT 69097, HSD 15134 PT 72198, Geran 154246 Lot 45390 dan Geran 164622 Lot 46961, Mukim Kapar, Daerah Klang.",,
LPHS25-C-022,Rumah Selangorku,Inang,Inang,Klang,MBDK,Kapar,Sime Darby Property (Klang) Sdn. Bhd.,,,236,,,Siap Dibina,100,,,,,lokasi/lot daripada masterlist LPHS; koordinat tidak disediakan,SRC-LPHS-RSKU-Q1-2025,2025-Q1,Masterlist LPHS Q1 2025 dibekalkan pengguna; rekod diekstrak terus daripada jadual sumber,2025-Q1,LPHS baseline,22,"Di Atas Geran 154246 Lot 45390 (Fasa 4E), Fasa 1 (Stage 1), Bandar Bukit Raja, Mukim Kapar, Daerah Klang. (Inang)",,
LPHS25-C-023,Rumah Selangorku,Trifolis,Trifolis,Klang,MBDK,Klang,Gemilang Waras Sdn. Bhd. (WCT Holdings Berhad) 1H TRIFOLIS,,,372,,,Siap Dibina,100,,,,,lokasi/lot daripada masterlist LPHS; koordinat tidak disediakan,SRC-LPHS-RSKU-Q1-2025,2025-Q1,Masterlist LPHS Q1 2025 dibekalkan pengguna; rekod diekstrak terus daripada jadual sumber,2025-Q1,LPHS baseline,23,Di Atas Hakmilik GRN 155544 Lot 117125 (1H) Di Mukim Klang Daerah Klang.,,
LPHS25-C-024,Rumah Selangorku,Pangsapuri Karya,Pangsapuri Karya,Klang,MBDK,Klang,Selaman Sejati Sdn. Bhd. (Selaman Sdn. Bhd.),,,84,,,Siap Dibina,100,,,,,lokasi/lot daripada masterlist LPHS; koordinat tidak disediakan,SRC-LPHS-RSKU-Q1-2025,2025-Q1,Masterlist LPHS Q1 2025 dibekalkan pengguna; rekod diekstrak terus daripada jadual sumber,2025-Q1,LPHS baseline,24,"Lot 9754 PT 18288 Jalan Rusa, Mukim Klang, Daerah Klang.",,
LPHS25-C-025,Rumah Selangorku,Asteria,Asteria,Klang,MBDK,Klang,Gabungan Efektif Sdn. Bhd. (WCT Holdings Berhad),,,321,,,Siap Dibina,100,,,,,lokasi/lot daripada masterlist LPHS; koordinat tidak disediakan,SRC-LPHS-RSKU-Q1-2025,2025-Q1,Masterlist LPHS Q1 2025 dibekalkan pengguna; rekod diekstrak terus daripada jadual sumber,2025-Q1,LPHS baseline,25,"Di Atas Hakmilik HSD 141418 PT 106978 (A6), HSD 141419 PT 106981 (A7), HSD 141319 PT 106870 (A9), Dan HSD 141417 PT 106976 (A10) Di Mukim Klang, Daerah Klang.",,
LPHS25-C-026,Rumah Selangorku,Azaria,Azaria,Klang,MBDK,Klang,Gabungan Efektif Sdn. Bhd. (WCT Holdings Berhad),,,240,,,Siap Dibina,100,,,,,lokasi/lot daripada masterlist LPHS; koordinat tidak disediakan,SRC-LPHS-RSKU-Q1-2025,2025-Q1,Masterlist LPHS Q1 2025 dibekalkan pengguna; rekod diekstrak terus daripada jadual sumber,2025-Q1,LPHS baseline,26,"Di Atas Hakmilik HSD 141418 PT 106978 (A6), HSD 141419 PT 106981 (A7), HSD 141319 PT 106870 (A9), Dan HSD 141417 PT 106976 (A10) Di Mukim Klang, Daerah Klang.",,
LPHS25-C-027,Rumah Selangorku,Bandar Botanic,Bandar Botanic,Klang,MBDK,,Harum Intisari Sdn Bhd,,,306,,,Siap Dibina,100,,,,,lokasi/lot daripada masterlist LPHS; koordinat tidak disediakan,SRC-LPHS-RSKU-Q1-2025,2025-Q1,Masterlist LPHS Q1 2025 dibekalkan pengguna; rekod diekstrak terus daripada jadual sumber,2025-Q1,LPHS baseline,27,"Di Atas Lot PT 129711, Bandar Botanic, Daerah Klang.",,
LPHS25-C-028,Rumah Selangorku,Taman Sungai Kapar Indah,Taman Sungai Kapar Indah,Klang,MBDK,Kapar,NPO Development Sdn. Bhd.,,,12,,,Siap Dibina,100,,,,,lokasi/lot daripada masterlist LPHS; koordinat tidak disediakan,SRC-LPHS-RSKU-Q1-2025,2025-Q1,Masterlist LPHS Q1 2025 dibekalkan pengguna; rekod diekstrak terus daripada jadual sumber,2025-Q1,LPHS baseline,28,"Di Atas PT 71570 Hingga PT 71574 Dan Lot 55023 Hingga Lot 55029 Taman Sungai Kapar Indah, Mukim Kapar, Daerah Klang.",,
LPHS25-C-029,Rumah Selangorku,Taman Sentosa Perdana,Taman Sentosa Perdana,Klang,MBDK,Klang,Sejati Properties Sdn. Bhd.,,,14,,,Siap Dibina,100,,,,,lokasi/lot daripada masterlist LPHS; koordinat tidak disediakan,SRC-LPHS-RSKU-Q1-2025,2025-Q1,Masterlist LPHS Q1 2025 dibekalkan pengguna; rekod diekstrak terus daripada jadual sumber,2025-Q1,LPHS baseline,29,"Di Atas 129645 (PT.119195), Off Jalan Sungai Jati, Taman Sentosa Perdana, K/S 7, Mukim Klang, Daerah Klang.",,
LPHS25-C-030,Rumah Selangorku,Pangsapuri D’Ruby,Pangsapuri D’Ruby,Petaling,MBSJ,Petaling,Liberty Wonder Sdn. Bhd. (Trans Loyal Dev Sdn. Bhd.),,,418,,,Siap Dibina,100,,,,,lokasi/lot daripada masterlist LPHS; koordinat tidak disediakan,SRC-LPHS-RSKU-Q1-2025,2025-Q1,Masterlist LPHS Q1 2025 dibekalkan pengguna; rekod diekstrak terus daripada jadual sumber,2025-Q1,LPHS baseline,30,"Di Atas HSD 317180 (PT 7361), Jalan Intan 4, Taman Puchong Intan, Puchong, Mukim Petaling, Daerah Petaling.",,
LPHS25-C-031,Rumah Selangorku,Pangsapuri Topaz,Pangsapuri Topaz,Petaling,MBSJ,Petaling,Liberty Wonder Sdn. Bhd. (Trans Loyal Dev Sdn. Bhd.),,,608,,,Siap Dibina,100,,,,,lokasi/lot daripada masterlist LPHS; koordinat tidak disediakan,SRC-LPHS-RSKU-Q1-2025,2025-Q1,Masterlist LPHS Q1 2025 dibekalkan pengguna; rekod diekstrak terus daripada jadual sumber,2025-Q1,LPHS baseline,31,"Di Atas PT 6849 Dan PT 6851, Taman Puchong Intan, Puchong, Mukim Petaling, Daerah Petaling.",,
LPHS25-C-032,Rumah Selangorku,Tulip @ Taman Lake Edge,Tulip @ Taman Lake Edge,Petaling,MBSJ,,Pakatan Perak Bina Sdn. Bhd.,,,98,,,Siap Dibina,100,,,,,lokasi/lot daripada masterlist LPHS; koordinat tidak disediakan,SRC-LPHS-RSKU-Q1-2025,2025-Q1,Masterlist LPHS Q1 2025 dibekalkan pengguna; rekod diekstrak terus daripada jadual sumber,2025-Q1,LPHS baseline,32,"Di Atas PT 2892, PT 2893 dan PT 2894 Lake Edge Bandar Metro, Pekan Desa Puchong, Daerah Petaling",,
LPHS25-C-033,Rumah Selangorku,Pangsapuri Akasia,Pangsapuri Akasia,Petaling,MBSJ,,Leo Vista Sdn. Bhd. (Mitrajaya) Pangsapuri Akasia,,,408,,,Siap Dibina,100,,,,,lokasi/lot daripada masterlist LPHS; koordinat tidak disediakan,SRC-LPHS-RSKU-Q1-2025,2025-Q1,Masterlist LPHS Q1 2025 dibekalkan pengguna; rekod diekstrak terus daripada jadual sumber,2025-Q1,LPHS baseline,33,"Lot HSD 247473 PT 78441 Dan Lot HSD 247472 PT 78440, Daerah Petaling.",,
LPHS25-C-034,Rumah Selangorku,Pangsapuri Puchong Utama,Pangsapuri Puchong Utama,Petaling,MBSJ,Petaling,Hillcrest Gardens Sdn. Bhd.,,,1162,,,Siap Dibina,100,,,,,lokasi/lot daripada masterlist LPHS; koordinat tidak disediakan,SRC-LPHS-RSKU-Q1-2025,2025-Q1,Masterlist LPHS Q1 2025 dibekalkan pengguna; rekod diekstrak terus daripada jadual sumber,2025-Q1,LPHS baseline,34,"GRN 57646 Lot 1333 Di Taman Puchong Utama,Pekan Puchong perdana, Mukim Petaling, Daerah Petaling.",,
LPHS25-C-035,Rumah Selangorku,Pangsapuri Harmoni,Pangsapuri Harmoni,Petaling,MBSJ,Damansara,Sime Darby Putra Heights Development Sdn. Bhd. (1700),,,1700,,,Siap Dibina,100,,,,,lokasi/lot daripada masterlist LPHS; koordinat tidak disediakan,SRC-LPHS-RSKU-Q1-2025,2025-Q1,Masterlist LPHS Q1 2025 dibekalkan pengguna; rekod diekstrak terus daripada jadual sumber,2025-Q1,LPHS baseline,35,"Hakmilik Lot 81255, Lot 81256, Lot 81275 & 81276 Di Putra Heights, Mukim Damansara, Daerah Petaling.",,
LPHS25-C-036,Rumah Selangorku,Kampung Bukit Lanchong,Kampung Bukit Lanchong,Petaling,MBSJ,Damansara,Mewah Amanjaya Sdn. Bhd.,,,6,,,Siap Dibina,100,,,,,lokasi/lot daripada masterlist LPHS; koordinat tidak disediakan,SRC-LPHS-RSKU-Q1-2025,2025-Q1,Masterlist LPHS Q1 2025 dibekalkan pengguna; rekod diekstrak terus daripada jadual sumber,2025-Q1,LPHS baseline,36,"Ke Atas Hakmilik Lot 911 (PT9308) HS(M)939 Di Jalan Ikan Keli, Kampung Bukit Lanchong, Mukim Damansara, Daerah Petaling.",,
LPHS25-C-037,Rumah Selangorku,Pangsapuri Affiniti,Pangsapuri Affiniti,Petaling,MBSJ,Petaling,Viva Paradise Sdn. Bhd.,,,36,,,Siap Dibina,100,,,,,lokasi/lot daripada masterlist LPHS; koordinat tidak disediakan,SRC-LPHS-RSKU-Q1-2025,2025-Q1,Masterlist LPHS Q1 2025 dibekalkan pengguna; rekod diekstrak terus daripada jadual sumber,2025-Q1,LPHS baseline,37,"Di Atas PT 82634, HS(M) 31511 (Dahulunya Lot 574, GM 478), Taman Bukit Serdang, Seksyen 13, Mukim Petaling, Daerah Petaling.",,
LPHS25-C-038,Rumah Selangorku,Pangsapuri Markisa,Pangsapuri Markisa,Petaling,MBSJ,Petaling,Pacific Grandland Sdn. Bhd.,,,192,,,Siap Dibina,100,,,,,lokasi/lot daripada masterlist LPHS; koordinat tidak disediakan,SRC-LPHS-RSKU-Q1-2025,2025-Q1,Masterlist LPHS Q1 2025 dibekalkan pengguna; rekod diekstrak terus daripada jadual sumber,2025-Q1,LPHS baseline,38,"Di Atas Hakmilik Geran 203756 Lot 87990 Dan Geran 203757 Lot 87991, Mukim Petaling, Daerah Petaling.",,
LPHS25-C-039,Rumah Selangorku,Residensi Permata,Residensi Permata,Gombak,MPAJ,Hulu Kelang,KLH Melawati Sdn. Bhd.,,,30,,,Siap Dibina,100,,,,,lokasi/lot daripada masterlist LPHS; koordinat tidak disediakan,SRC-LPHS-RSKU-Q1-2025,2025-Q1,Masterlist LPHS Q1 2025 dibekalkan pengguna; rekod diekstrak terus daripada jadual sumber,2025-Q1,LPHS baseline,39,"Di Atas PT 18572 Hingga PT 18589 (Lot Lama 1231), Di Mukim Hulu Kelang, Daerah Gombak.",,
LPHS25-C-040,Rumah Selangorku,Nadayu 92,Nadayu 92,Gombak,MPAJ,Hulu Kelang,Twin Ridge Sdn Bhd,,,42,,,Siap Dibina,100,,,,,lokasi/lot daripada masterlist LPHS; koordinat tidak disediakan,SRC-LPHS-RSKU-Q1-2025,2025-Q1,Masterlist LPHS Q1 2025 dibekalkan pengguna; rekod diekstrak terus daripada jadual sumber,2025-Q1,LPHS baseline,40,"Lot 12010 (PM 46), Lot 1211 (PM 47), Lot 5034 (HSD 20589) Dan Lot 5035 (HSD 20590), Mukim Hulu Kelang, Daerah Gombak.",,
LPHS25-C-041,Rumah Selangorku,RSKU @ Puncak Indah,RSKU @ Puncak Indah,Hulu Langat,MPAJ,Ampang,Granstep Development Sdn. Bhd.,,,176,,,Siap Dibina,100,,,,,lokasi/lot daripada masterlist LPHS; koordinat tidak disediakan,SRC-LPHS-RSKU-Q1-2025,2025-Q1,Masterlist LPHS Q1 2025 dibekalkan pengguna; rekod diekstrak terus daripada jadual sumber,2025-Q1,LPHS baseline,41,"Di Atas Lot 1287 (PT 30517 HS (D) 34803 Mukim Ampang, Daerah hulu Langat.",,
LPHS25-C-042,Rumah Selangorku,Upperville,Upperville,Gombak,MPAJ,Hulu Kelang,Mitraland Development Sdn. Bhd.,,,45,,,Siap Dibina,100,,,,,lokasi/lot daripada masterlist LPHS; koordinat tidak disediakan,SRC-LPHS-RSKU-Q1-2025,2025-Q1,Masterlist LPHS Q1 2025 dibekalkan pengguna; rekod diekstrak terus daripada jadual sumber,2025-Q1,LPHS baseline,42,"Di Atas Lot 1229, kemensah, Mukim Hulu Kelang, Daerah Gombak.",,
LPHS25-C-043,Rumah Selangorku,Pangsapuri Surian Tropika,Pangsapuri Surian Tropika,Hulu Langat,MPKj,Cheras,Pan Majestic Development Sdn. Bhd. Pangsapuri Surian Tropika,,,148,,,Siap Dibina,100,,,,,lokasi/lot daripada masterlist LPHS; koordinat tidak disediakan,SRC-LPHS-RSKU-Q1-2025,2025-Q1,Masterlist LPHS Q1 2025 dibekalkan pengguna; rekod diekstrak terus daripada jadual sumber,2025-Q1,LPHS baseline,43,"Hakmilik GRN 235494 Lot 44433 Dan GRN 235511 Lot 44450 Di Mukim Cheras, Daerah Hulu Langat.",,
LPHS25-C-044,Rumah Selangorku,Pangsapuri Desa Budiman,Pangsapuri Desa Budiman,Hulu Langat,MPKj,Hulu Langat,Haji Hamzah Bin Haji Abdul Majid (Pujangga Development Sdn Bhd),,,80,,,Siap Dibina,100,,,,,lokasi/lot daripada masterlist LPHS; koordinat tidak disediakan,SRC-LPHS-RSKU-Q1-2025,2025-Q1,Masterlist LPHS Q1 2025 dibekalkan pengguna; rekod diekstrak terus daripada jadual sumber,2025-Q1,LPHS baseline,44,"Lot 3521, PT 9770 dan PT 9769 Di Mukim Hulu Langat, Daerah Hulu Langat.",,
LPHS25-C-045,Rumah Selangorku,Idaman Abadi,Idaman Abadi,Hulu Langat,MPKj,,Konsortium PNSB Construction Sdn. Bhd. (Dahulunya pemaju Tropicana Cheras Sdn. Bhd. (Dahulunya Dikenali Dijaya Property Sdn. Bhd.)),,,2059,,,Siap Dibina,100,,,,,lokasi/lot daripada masterlist LPHS; koordinat tidak disediakan,SRC-LPHS-RSKU-Q1-2025,2025-Q1,Masterlist LPHS Q1 2025 dibekalkan pengguna; rekod diekstrak terus daripada jadual sumber,2025-Q1,LPHS baseline,45,"Di Atas HSD 161797 Lot PT 38085 Dan HSD 161798 PT 38086, Mukim Bandar Batu 18 Semenyih, Daerah Hulu Langat, Selangor",,
LPHS25-C-046,Rumah Selangorku,Acacia Apartment,Acacia Apartment,Hulu Langat,MPKj,Semenyih,Mayland Venue Sdn. Bhd.,,,207,,,Siap Dibina,100,,,,,lokasi/lot daripada masterlist LPHS; koordinat tidak disediakan,SRC-LPHS-RSKU-Q1-2025,2025-Q1,Masterlist LPHS Q1 2025 dibekalkan pengguna; rekod diekstrak terus daripada jadual sumber,2025-Q1,LPHS baseline,46,"Di Atas Lot PT 35724 Mukim Semenyih, Daerah Hulu Langat.",,
LPHS25-C-047,Rumah Selangorku,,Projek Perancangan MPKj 047,Hulu Langat,MPKj,,Global Access Property Development Sdn. Bhd. (Trans Loyal),,,547,,,Siap Dibina,100,,,,,lokasi/lot daripada masterlist LPHS; koordinat tidak disediakan,SRC-LPHS-RSKU-Q1-2025,2025-Q1,Masterlist LPHS Q1 2025 dibekalkan pengguna; project_name_not_provided_in_source,2025-Q1,LPHS baseline,47,"Di Atas Hakmilik HS(M) 25626 PT72439 Di Pekan Bangi Lama, Daerah Hulu Langat.",,
LPHS25-C-048,Rumah Selangorku,Puncak Saujana,Puncak Saujana,Hulu Langat,MPKj,Kajang,Trans Loyal Development Sdn. Bhd.,,,192,,,Siap Dibina,100,,,,,lokasi/lot daripada masterlist LPHS; koordinat tidak disediakan,SRC-LPHS-RSKU-Q1-2025,2025-Q1,Masterlist LPHS Q1 2025 dibekalkan pengguna; rekod diekstrak terus daripada jadual sumber,2025-Q1,LPHS baseline,48,"Di Atas Hakmilik Lot 2719 GRN25245 Dan Lot 2720 GRN27487 Di Mukim Kajang, Daerah Hulu Langat.",,
LPHS25-C-049,Rumah Selangorku,Puncak Saujana,Puncak Saujana,Hulu Langat,MPKj,Kajang,Trans Loyal Development Sdn. Bhd.,,,432,,,Siap Dibina,100,,,,,lokasi/lot daripada masterlist LPHS; koordinat tidak disediakan,SRC-LPHS-RSKU-Q1-2025,2025-Q1,Masterlist LPHS Q1 2025 dibekalkan pengguna; rekod diekstrak terus daripada jadual sumber,2025-Q1,LPHS baseline,49,"Di Atas Lot 43790 GRN 256062, Mukim Kajang, Daerah Hulu Langat.",,
LPHS25-C-050,Rumah Selangorku,Residensi Anggerik Wira,Residensi Anggerik Wira,Hulu Langat,MPKj,Hulu Langat,Wira Cheras Development Sdn. Bhd. (Lot 154),,,68,,,Siap Dibina,100,,,,,lokasi/lot daripada masterlist LPHS; koordinat tidak disediakan,SRC-LPHS-RSKU-Q1-2025,2025-Q1,Masterlist LPHS Q1 2025 dibekalkan pengguna; rekod diekstrak terus daripada jadual sumber,2025-Q1,LPHS baseline,50,"Hakmilik GM 1385, Lot 154, Mukim Hulu Langat, Daerah Hulu Langat.",,
LPHS25-C-051,Rumah Selangorku,Residensi Camelia,Residensi Camelia,Hulu Langat,MPKj,Cheras,Wira Cheras Development Sdn. Bhd. (Lot 1474) Residensi Camelia,,,74,,,Siap Dibina,100,,,,,lokasi/lot daripada masterlist LPHS; koordinat tidak disediakan,SRC-LPHS-RSKU-Q1-2025,2025-Q1,Masterlist LPHS Q1 2025 dibekalkan pengguna; rekod diekstrak terus daripada jadual sumber,2025-Q1,LPHS baseline,51,"Di Atas Hakmilik GM 1116 Lot 1474 Di Mukim Cheras, Daerah Hulu Langat.",,
LPHS25-C-052,Rumah Selangorku,Tiara South,Tiara South,Hulu Langat,MPKj,Semenyih,Kueen Lai Properties Sdn. Bhd.,,,106,,,Siap Dibina,100,,,,,lokasi/lot daripada masterlist LPHS; koordinat tidak disediakan,SRC-LPHS-RSKU-Q1-2025,2025-Q1,Masterlist LPHS Q1 2025 dibekalkan pengguna; rekod diekstrak terus daripada jadual sumber,2025-Q1,LPHS baseline,52,"Di Atas Hakmilik Lot 1927 GRN 44951, Mukim Semenyih Daerah Hulu Langat.",,
LPHS25-C-053,Rumah Selangorku,Residensi Selangorku Sri Tanjung,Residensi Selangorku Sri Tanjung,Hulu Langat,MPKj,,Permodalan Negeri Selangor Berhad (PNSB) (Fairview Development Sdn. Bhd.),,,40,,,Siap Dibina,100,,,,,lokasi/lot daripada masterlist LPHS; koordinat tidak disediakan,SRC-LPHS-RSKU-Q1-2025,2025-Q1,Masterlist LPHS Q1 2025 dibekalkan pengguna; rekod diekstrak terus daripada jadual sumber,2025-Q1,LPHS baseline,53,"Di Atas Hakmilik HS(M) 7876 PT 23723 Pekan Semenyih, Daerah Hulu Langat.",,
LPHS25-C-054,Rumah Selangorku,Residensi Zamrud,Residensi Zamrud,Hulu Langat,MPKj,Kajang,Cheras Hong Soon Development Sdn. Bhd.,,,361,,,Siap Dibina,100,,,,,lokasi/lot daripada masterlist LPHS; koordinat tidak disediakan,SRC-LPHS-RSKU-Q1-2025,2025-Q1,Masterlist LPHS Q1 2025 dibekalkan pengguna; rekod diekstrak terus daripada jadual sumber,2025-Q1,LPHS baseline,54,"Di Atas Lot 267 GRN 49783 Mukim Kajang, Daerah Hulu Langat.",,
LPHS25-C-055,Rumah Selangorku,Pangsapuri Seruni,Pangsapuri Seruni,Hulu Langat,MPKj,Kajang,Bayu Bakat Sdn. Bhd. ASA Management Services Sdn. Bhd. (Pangsapuri Seruni),,,207,,,Siap Dibina,100,,,,,lokasi/lot daripada masterlist LPHS; koordinat tidak disediakan,SRC-LPHS-RSKU-Q1-2025,2025-Q1,Masterlist LPHS Q1 2025 dibekalkan pengguna; rekod diekstrak terus daripada jadual sumber,2025-Q1,LPHS baseline,55,"Di Lot 1947, PM 136, Mukim Kajang, Daerah Hulu Langat.",,
LPHS25-C-056,Rumah Selangorku,Pangsapuri Baiduri Jaya,Pangsapuri Baiduri Jaya,Hulu Langat,MPKj,Semenyih,Segaman Sdn. Bhd. (Pangsapuri Baiduri Jaya),,,270,,,Siap Dibina,100,,,,,lokasi/lot daripada masterlist LPHS; koordinat tidak disediakan,SRC-LPHS-RSKU-Q1-2025,2025-Q1,Masterlist LPHS Q1 2025 dibekalkan pengguna; rekod diekstrak terus daripada jadual sumber,2025-Q1,LPHS baseline,56,"Ke Atas Hakmilik Lot 14880 (Dahulunya Sebahagian Lot 1984 Dan Lot 1988), Mukim Semenyih, Daerah Hulu Langat.",,
LPHS25-C-057,Rumah Selangorku,Pangsapuri Sena,Pangsapuri Sena,Hulu Langat,MPKj,Cheras,Garuda Wira Development Sdn. Bhd. SYF Development Sdn. Bhd. (Wira Cheras Development Sdn. Bhd.) Pangsapuri Sena,,,477,,,Siap Dibina,100,,,,,lokasi/lot daripada masterlist LPHS; koordinat tidak disediakan,SRC-LPHS-RSKU-Q1-2025,2025-Q1,Masterlist LPHS Q1 2025 dibekalkan pengguna; rekod diekstrak terus daripada jadual sumber,2025-Q1,LPHS baseline,57,"Di Atas Hakmilik GM 1118 Lot 1477, Mukim Cheras, Daerah Hulu Langat.",,
LPHS25-C-058,Rumah Selangorku,Residensi Suasana Harmoni,Residensi Suasana Harmoni,Hulu Langat,MPKj,,Exclusive Expansion Sdn. Bhd. (Rising Charm Sdn. Bhd.),,,188,,,Siap Dibina,100,,,,,lokasi/lot daripada masterlist LPHS; koordinat tidak disediakan,SRC-LPHS-RSKU-Q1-2025,2025-Q1,Masterlist LPHS Q1 2025 dibekalkan pengguna; rekod diekstrak terus daripada jadual sumber,2025-Q1,LPHS baseline,58,"Diatas Hakmilik Lot 41152 dan Lot 41153, Pekan Kampung Sungai Tangkas, Daerah Hulu Langat",,
LPHS25-C-059,Rumah Selangorku,D’Kayangan,D’Kayangan,Hulu Langat,MPKj,Semenyih,Setia Ecohill Sdn. Bhd. (D' Kayangan),,,600,,,Siap Dibina,100,,,,,lokasi/lot daripada masterlist LPHS; koordinat tidak disediakan,SRC-LPHS-RSKU-Q1-2025,2025-Q1,Masterlist LPHS Q1 2025 dibekalkan pengguna; rekod diekstrak terus daripada jadual sumber,2025-Q1,LPHS baseline,59,"Di Atas PT 39492, Setia Ecohill, Mukim Semenyih, Daerah Hulu Langat.",,
LPHS25-C-060,Rumah Selangorku,Garden Villa @ Taman Tasik Semenyih Permai,Garden Villa @ Taman Tasik Semenyih Permai,Hulu Langat,MPKj,Semenyih,HomeCity Asia Sdn. Bhd.,,,72,,,Siap Dibina,100,,,,,lokasi/lot daripada masterlist LPHS; koordinat tidak disediakan,SRC-LPHS-RSKU-Q1-2025,2025-Q1,Masterlist LPHS Q1 2025 dibekalkan pengguna; rekod diekstrak terus daripada jadual sumber,2025-Q1,LPHS baseline,60,"Di Atas Lot 1229, Mukim Semenyih, Daerah Hulu Langat.",,
LPHS25-C-061,Rumah Selangorku,Pangsapuri Twin Palms,Pangsapuri Twin Palms,Hulu Langat,MPKj,Cheras,Fabulous Range Sdn. Bhd. Pangsapuri Twin Palms,,,130,,,Siap Dibina,100,,,,,lokasi/lot daripada masterlist LPHS; koordinat tidak disediakan,SRC-LPHS-RSKU-Q1-2025,2025-Q1,Masterlist LPHS Q1 2025 dibekalkan pengguna; rekod diekstrak terus daripada jadual sumber,2025-Q1,LPHS baseline,61,"Hakmilik HS(D) 137411 PT 52074, Mukim Cheras Daerah Hulu Langat",,
LPHS25-C-062,Rumah Selangorku,Pangsapuri Gapura Bayu,Pangsapuri Gapura Bayu,Hulu Langat,MPKj,Kajang,Jade Homes Sdn. Bhd. (Gamuda Land Berhad),,,714,,,Siap Dibina,100,,,,,lokasi/lot daripada masterlist LPHS; koordinat tidak disediakan,SRC-LPHS-RSKU-Q1-2025,2025-Q1,Masterlist LPHS Q1 2025 dibekalkan pengguna; rekod diekstrak terus daripada jadual sumber,2025-Q1,LPHS baseline,62,"Di Atas Lot PT 71607, PT 71608 Dan PT 71609, Jade Hills, Mukim Kajang, Daerah Hulu Langat.",,
LPHS25-C-063,Rumah Selangorku,D’Kristal,D’Kristal,Hulu Langat,MPKj,Semenyih,Setia Ecohill Sdn. Bhd. (D' Kristal),,,670,,,Siap Dibina,100,,,,,lokasi/lot daripada masterlist LPHS; koordinat tidak disediakan,SRC-LPHS-RSKU-Q1-2025,2025-Q1,Masterlist LPHS Q1 2025 dibekalkan pengguna; rekod diekstrak terus daripada jadual sumber,2025-Q1,LPHS baseline,63,"Di Atas Sebahagian Lot PT33987 HS(D) 153425 Di Setia Ecohill, Mukim Semenyih, Daerah Hulu Langat. (Lot PT 39491)",,
LPHS25-C-064,Rumah Selangorku,Tiara East,Tiara East,Hulu Langat,MPKj,Semenyih,Kueen Lai Properties Sdn. Bhd.,,,90,,,Siap Dibina,100,,,,,lokasi/lot daripada masterlist LPHS; koordinat tidak disediakan,SRC-LPHS-RSKU-Q1-2025,2025-Q1,Masterlist LPHS Q1 2025 dibekalkan pengguna; rekod diekstrak terus daripada jadual sumber,2025-Q1,LPHS baseline,64,"Di Atas Lot 515, Mukim Semenyih, Daerah Hulu Langat.",,
LPHS25-C-065,Rumah Selangorku,Taman Sunville,Taman Sunville,Hulu Langat,MPKj,Cheras,TJ Land Sdn Bhd,,,92,,,Siap Dibina,100,,,,,lokasi/lot daripada masterlist LPHS; koordinat tidak disediakan,SRC-LPHS-RSKU-Q1-2025,2025-Q1,Masterlist LPHS Q1 2025 dibekalkan pengguna; rekod diekstrak terus daripada jadual sumber,2025-Q1,LPHS baseline,65,"Di Atas Lot 1024, Mukim Cheras, Daerah Hulu Langat.",,
LPHS25-C-066,Rumah Selangorku,Puncak Saujana – Bayu Residence,Puncak Saujana – Bayu Residence,Hulu Langat,MPKj,Kajang,TPPT Sdn Bhd,,,57,,,Siap Dibina,100,,,,,lokasi/lot daripada masterlist LPHS; koordinat tidak disediakan,SRC-LPHS-RSKU-Q1-2025,2025-Q1,Masterlist LPHS Q1 2025 dibekalkan pengguna; rekod diekstrak terus daripada jadual sumber,2025-Q1,LPHS baseline,66,"Di Atas Lot 43783, Mukim Kajang, Daerah Hulu Langat.",,
LPHS25-C-067,Rumah Selangorku,D’Prestij 2,D’Prestij 2,Hulu Langat,MPKj,Semenyih,Serambi Utama Sdn Bhd,,,16,,,Siap Dibina,100,,,,,lokasi/lot daripada masterlist LPHS; koordinat tidak disediakan,SRC-LPHS-RSKU-Q1-2025,2025-Q1,Masterlist LPHS Q1 2025 dibekalkan pengguna; rekod diekstrak terus daripada jadual sumber,2025-Q1,LPHS baseline,67,"Di Atas Lot 13217 GM 1537, Bandar Batu 18 Semenyih, Mukim Semenyih, Daerah Hulu Langat.",,
LPHS25-C-068,Rumah Selangorku,Permata Residence,Permata Residence,Hulu Langat,MPKj,Cheras,Luxhome Property Sdn. Bhd. Permata Residence,,,144,,,Siap Dibina,100,,,,,lokasi/lot daripada masterlist LPHS; koordinat tidak disediakan,SRC-LPHS-RSKU-Q1-2025,2025-Q1,Masterlist LPHS Q1 2025 dibekalkan pengguna; rekod diekstrak terus daripada jadual sumber,2025-Q1,LPHS baseline,68,"Ke Atas Hakmilik HSM 18911 PT 41867, HSM 18918 PT 41876, HSM 18919 PT 41877, HSM 18922 PT 41880, HSM 18912 PT 41870, HSM 18920 PT 41878, HSM 18921 PT 41879 dan HSM 18923 PT 41881, Mukim Cheras, Daerah Hulu Langat.",,
LPHS25-C-069,Rumah Selangorku,Villa Kesuma,Villa Kesuma,Hulu Langat,MPKj,Beranang,Agenda Istimewa Sdn. Bhd. Villa Kesuma,,,760,,,Siap Dibina,100,,,,,lokasi/lot daripada masterlist LPHS; koordinat tidak disediakan,SRC-LPHS-RSKU-Q1-2025,2025-Q1,Masterlist LPHS Q1 2025 dibekalkan pengguna; rekod diekstrak terus daripada jadual sumber,2025-Q1,LPHS baseline,69,"Hakmilik GRN 236131, Lot 11397, Mukim Beranang, Daerah Hulu Langat.",,
LPHS25-C-070,Rumah Selangorku,Pangsapuri Tanming Mutiara,Pangsapuri Tanming Mutiara,Hulu Langat,MPKj,Cheras,Tanming Raya Sdn. Bhd. Pangsapuri Tanming Mutiara,,,173,,,Siap Dibina,100,,,,,lokasi/lot daripada masterlist LPHS; koordinat tidak disediakan,SRC-LPHS-RSKU-Q1-2025,2025-Q1,Masterlist LPHS Q1 2025 dibekalkan pengguna; rekod diekstrak terus daripada jadual sumber,2025-Q1,LPHS baseline,70,"PT 46823 dan PT 46824 (Tapak Baru), Mukim Cheras, Daerah Hulu Langat. (PT 59753 – Master Title)",,
LPHS25-C-071,Rumah Selangorku,Simfoni Apartment,Simfoni Apartment,Hulu Langat,MPKj,Beranang,Eco Majestic Sdn. Bhd. (Eco World Dev. Berhad) Plot 1,,,870,,,Siap Dibina,100,,,,,lokasi/lot daripada masterlist LPHS; koordinat tidak disediakan,SRC-LPHS-RSKU-Q1-2025,2025-Q1,Masterlist LPHS Q1 2025 dibekalkan pengguna; rekod diekstrak terus daripada jadual sumber,2025-Q1,LPHS baseline,71,"Di Atas Lot PT15780, PT15781, PT15782, PT15783, PT15784 & PT15785, Eco Majestic, Mukim Beranang, Daerah Hulu Langat, Selangor Darul Ehsan.",,
LPHS25-C-072,Rumah Selangorku,S1 Townhouse,S1 Townhouse,Hulu Langat,MPKj,Beranang,Seri Nova Development Sdn Bhd.,,,24,,,Siap Dibina,100,,,,,lokasi/lot daripada masterlist LPHS; koordinat tidak disediakan,SRC-LPHS-RSKU-Q1-2025,2025-Q1,Masterlist LPHS Q1 2025 dibekalkan pengguna; rekod diekstrak terus daripada jadual sumber,2025-Q1,LPHS baseline,72,"GM 1889 Lot 2351 di Rinching, Pelangi Semenyih 2, Mukim Beranang, Daerah Hulu Langat.",,
LPHS25-C-073,Rumah Selangorku,Pangsapuri Begonia,Pangsapuri Begonia,Hulu Langat,MPKj,Kajang,Prestige Improvement Sdn. Bhd.,,,204,,,Siap Dibina,100,,,,,lokasi/lot daripada masterlist LPHS; koordinat tidak disediakan,SRC-LPHS-RSKU-Q1-2025,2025-Q1,Masterlist LPHS Q1 2025 dibekalkan pengguna; rekod diekstrak terus daripada jadual sumber,2025-Q1,LPHS baseline,73,"Di Atas Lot 98212, Seksyen 9, Mukim Kajang, Daerah Hulu Langat.",,
LPHS25-C-074,Rumah Selangorku,Taman Awani Bangi,Taman Awani Bangi,Hulu Langat,MPKj,,Warga Edaran Sdn. Bhd.,,,30,,,Siap Dibina,100,,,,,lokasi/lot daripada masterlist LPHS; koordinat tidak disediakan,SRC-LPHS-RSKU-Q1-2025,2025-Q1,Masterlist LPHS Q1 2025 dibekalkan pengguna; rekod diekstrak terus daripada jadual sumber,2025-Q1,LPHS baseline,74,"Di Hakmilik HSD 173782 PT 80622, HSD 173783 PT 80623, HSD 173784 PT 80624, HSD 173785 PT 80625, HSD 173786 PT 80626, HSD 173787, PT 80627, HSD 173788 PT 80628, HSD 173789 PT 80629, HSD 173790 PT 80630, HSD 173791 PT 80631 dan HSD 173792 PT 80632 seluas (0.346 hektar) ( 0.855 ekar) Pekan Bangi Lama, Daerah Hulu Langat",,
LPHS25-C-075,Rumah Selangorku,Adelia 1,Adelia 1,Hulu Langat,MPKj,Kajang,Sutera Maya Resources Sdn. Bhd. / Trans Loyal Development Sdn. Bhd.,,,492,,,Siap Dibina,100,,,,,lokasi/lot daripada masterlist LPHS; koordinat tidak disediakan,SRC-LPHS-RSKU-Q1-2025,2025-Q1,Masterlist LPHS Q1 2025 dibekalkan pengguna; rekod diekstrak terus daripada jadual sumber,2025-Q1,LPHS baseline,75,"Di Atas Lot 44805 (Dahulunya PT 69786), Mukim Kajang, Daerah Hulu Langat",,
LPHS25-C-076,Rumah Selangorku,Residensi Kesuma 1,Residensi Kesuma 1,Hulu Langat,MPKj,Beranang,LGK Land Sdn. Bhd.,,,71,,,Siap Dibina,100,,,,,lokasi/lot daripada masterlist LPHS; koordinat tidak disediakan,SRC-LPHS-RSKU-Q1-2025,2025-Q1,Masterlist LPHS Q1 2025 dibekalkan pengguna; rekod diekstrak terus daripada jadual sumber,2025-Q1,LPHS baseline,76,"Di Atas Hakmilik HSD 171887 PT 15082, Mukim Beranang, Daerah Hulu Langat",,
LPHS25-C-077,Rumah Selangorku,Pangsapuri Sekata,Pangsapuri Sekata,Sepang,MPSp,Dengkil,Mainstay Development Sdn. Bhd. (Sekatarakyat) Pangsapuri Sekata,,,47,,,Siap Dibina,100,,,,,lokasi/lot daripada masterlist LPHS; koordinat tidak disediakan,SRC-LPHS-RSKU-Q1-2025,2025-Q1,Masterlist LPHS Q1 2025 dibekalkan pengguna; rekod diekstrak terus daripada jadual sumber,2025-Q1,LPHS baseline,77,"Ke Atas Hakmilik Geran 310163 Lot 3514, Sungai Merab, Di Mukim Dengkil, Daerah Sepang.",,
LPHS25-C-078,Rumah Selangorku,RSKU Seri Suria,RSKU Seri Suria,Sepang,MPSp,,Jati Menawan Sdn. Bhd. (Hectare Heights Dev. Sdn. Bhd.),,,257,,,Siap Dibina,100,,,,,lokasi/lot daripada masterlist LPHS; koordinat tidak disediakan,SRC-LPHS-RSKU-Q1-2025,2025-Q1,Masterlist LPHS Q1 2025 dibekalkan pengguna; rekod diekstrak terus daripada jadual sumber,2025-Q1,LPHS baseline,78,"Ke Atas Hakmilik PN 77543 Lot 19617 dan PN 77545 Lot 19619 Di Pekan Baru Salak Tinggi, Daerah Sepang.",,
LPHS25-C-079,Rumah Selangorku,Taman Topaz,Taman Topaz,Sepang,MPSp,Dengkil,CKF Holdings (Perangsang Tin Consolidated Sdn. Bhd.) Puncak Wahyu Sdn. Bhd.,,,160,,,Siap Dibina,100,,,,,lokasi/lot daripada masterlist LPHS; koordinat tidak disediakan,SRC-LPHS-RSKU-Q1-2025,2025-Q1,Masterlist LPHS Q1 2025 dibekalkan pengguna; rekod diekstrak terus daripada jadual sumber,2025-Q1,LPHS baseline,79,"Di Atas Hakmilik GRN 313480 Lot 11483 dan GRN 22941 Lot 11484 Taman Topaz, Mukim Dengkil, Daerah Sepang.",,
LPHS25-C-080,Rumah Selangorku,Pangsapuri Angsana Putra,Pangsapuri Angsana Putra,Sepang,MPSp,Dengkil,Lambang Aset Sdn. Bhd. (Permatanah Sdn. Bhd.),,,224,,,Siap Dibina,100,,,,,lokasi/lot daripada masterlist LPHS; koordinat tidak disediakan,SRC-LPHS-RSKU-Q1-2025,2025-Q1,Masterlist LPHS Q1 2025 dibekalkan pengguna; rekod diekstrak terus daripada jadual sumber,2025-Q1,LPHS baseline,80,"Di Atas Hakmilik PN 57892 Lot 42080, PN 57893 Lot 42081 dan PN 57891 Lot 42078 Di Mukim Dengkil, Daerah Sepang.",,
LPHS25-C-081,Rumah Selangorku,Pangsapuri Alpinia,Pangsapuri Alpinia,Sepang,MPSp,Dengkil,Hap Seng Land Dev. (Puchong) Sdn. Bhd.,,,472,,,Siap Dibina,100,,,,,lokasi/lot daripada masterlist LPHS; koordinat tidak disediakan,SRC-LPHS-RSKU-Q1-2025,2025-Q1,Masterlist LPHS Q1 2025 dibekalkan pengguna; rekod diekstrak terus daripada jadual sumber,2025-Q1,LPHS baseline,81,"Hakmilik PN 98723 Lot 105048 Di Taman D’ Alpinia, Mukim Dengkil, Daerah Sepang.",,
LPHS25-C-082,Rumah Selangorku,PRIMA @ Selangorku Lakefront,PRIMA @ Selangorku Lakefront,Sepang,MPSp,Dengkil,Lakefront Residence Sdn. Bhd. (MCT),,,1932,,,Siap Dibina,100,,,,,lokasi/lot daripada masterlist LPHS; koordinat tidak disediakan,SRC-LPHS-RSKU-Q1-2025,2025-Q1,Masterlist LPHS Q1 2025 dibekalkan pengguna; rekod diekstrak terus daripada jadual sumber,2025-Q1,LPHS baseline,82,"Di Projek One Residence @ Lakefront Cyberjaya, Di Atas PT 41459 dan PT 41460, Cyberjaya, Mukim Dengkil, Daerah Sepang.",,
LPHS25-C-083,Rumah Selangorku,Taman Emas Selangorku Pelangi B,Taman Emas Selangorku Pelangi B,Sepang,MPSp,,Kemajuan Langat Sdn. Bhd.,,,40,,,Siap Dibina,100,,,,,lokasi/lot daripada masterlist LPHS; koordinat tidak disediakan,SRC-LPHS-RSKU-Q1-2025,2025-Q1,Masterlist LPHS Q1 2025 dibekalkan pengguna; rekod diekstrak terus daripada jadual sumber,2025-Q1,LPHS baseline,83,Hakmilik PN 81793 Lot 22168 Pekan Dengkil Daerah Sepang.,,
LPHS25-C-084,Rumah Selangorku,Pangsapuri Dahlia Impiana,Pangsapuri Dahlia Impiana,Sepang,MPSp,,Maxilux Properties Sdn. Bhd. Dahlia Impiana,,,300,,,Siap Dibina,100,,,,,lokasi/lot daripada masterlist LPHS; koordinat tidak disediakan,SRC-LPHS-RSKU-Q1-2025,2025-Q1,Masterlist LPHS Q1 2025 dibekalkan pengguna; rekod diekstrak terus daripada jadual sumber,2025-Q1,LPHS baseline,84,"Hakmilik HS(D) 6892 PT 9329 Di Bandar Baru Salak Tinggi, Daerah Sepang.",,
LPHS25-C-085,Rumah Selangorku,Pangsapuri Seri Warisan,Pangsapuri Seri Warisan,Sepang,MPSp,Dengkil,Gema Padu Sdn Bhd (Mitrajaya) Pangsapuri Seri Warisan,,,338,,,Siap Dibina,100,,,,,lokasi/lot daripada masterlist LPHS; koordinat tidak disediakan,SRC-LPHS-RSKU-Q1-2025,2025-Q1,Masterlist LPHS Q1 2025 dibekalkan pengguna; rekod diekstrak terus daripada jadual sumber,2025-Q1,LPHS baseline,85,Hakmilik HSD 33057 PT 46314 dan HSD 33058 PT 46315 Mukim Dengkil Daerah Sepang.,,
LPHS25-C-086,Rumah Selangorku,Residensi Idaman Selangorku,Residensi Idaman Selangorku,Sepang,MPSp,Dengkil,Perbadanan Kemajuan Negeri Selangor (PKNS),,,864,,,Siap Dibina,100,,,,,lokasi/lot daripada masterlist LPHS; koordinat tidak disediakan,SRC-LPHS-RSKU-Q1-2025,2025-Q1,Masterlist LPHS Q1 2025 dibekalkan pengguna; rekod diekstrak terus daripada jadual sumber,2025-Q1,LPHS baseline,86,"Di Atas PT 47501, PT 56945 Hingga PT 56961 Dan Sebahagian Tanah Kerajaan, Selangor Cyber Valley, Bukit Raja, Mukim Dengkil, Daerah Sepang.",,
LPHS25-C-087,Rumah Selangorku,Masreca 19,Masreca 19,Sepang,MPSp,Dengkil,Sterling Prima Sdn. Bhd.,,,960,,,Siap Dibina,100,,,,,lokasi/lot daripada masterlist LPHS; koordinat tidak disediakan,SRC-LPHS-RSKU-Q1-2025,2025-Q1,Masterlist LPHS Q1 2025 dibekalkan pengguna; rekod diekstrak terus daripada jadual sumber,2025-Q1,LPHS baseline,87,"Di Blok 19, Cyber 10, Cyberjaya, Mukim Dengkil, Daerah Sepang.",,
LPHS25-C-088,Rumah Selangorku,,Projek Perancangan MPSp 088,Sepang,MPSp,,Sim Chong Yong dan Yap Hong (Trafmate Sdn Bhd),,,15,,,Siap Dibina,100,,,,,lokasi/lot daripada masterlist LPHS; koordinat tidak disediakan,SRC-LPHS-RSKU-Q1-2025,2025-Q1,Masterlist LPHS Q1 2025 dibekalkan pengguna; project_name_not_provided_in_source,2025-Q1,LPHS baseline,88,"Hakmilik Geran 52258 Lot 2194, Pekan Sungai Pelek, Daerah Sepang.",,
LPHS25-C-089,Rumah Selangorku,Pangsapuri Jenderam Indah,Pangsapuri Jenderam Indah,Sepang,MPSp,Dengkil,Wandeerfull Property Dev Sdn Bhd,,,198,,,Siap Dibina,100,,,,,lokasi/lot daripada masterlist LPHS; koordinat tidak disediakan,SRC-LPHS-RSKU-Q1-2025,2025-Q1,Masterlist LPHS Q1 2025 dibekalkan pengguna; rekod diekstrak terus daripada jadual sumber,2025-Q1,LPHS baseline,89,"Hakmilik PM 4851 Lot 786, PM 4852 Lot 787, Mukim Dengkil, Daerah Sepang.",,
LPHS25-C-090,Rumah Selangorku,Apartment Bestari,Apartment Bestari,Sepang,MPSp,Labu,Salak Bestari Sdn. Bhd. (Oib Properties (CV) Sdn. Bhd.),,,65,,,Siap Dibina,100,,,,,lokasi/lot daripada masterlist LPHS; koordinat tidak disediakan,SRC-LPHS-RSKU-Q1-2025,2025-Q1,Masterlist LPHS Q1 2025 dibekalkan pengguna; rekod diekstrak terus daripada jadual sumber,2025-Q1,LPHS baseline,90,"Di Atas Lot 6471 (H.S.M) 2054, Lot lama PT 1670, Mukim Labu, Daerah Sepang.",,
LPHS25-C-091,Rumah Selangorku,Taman Platinum,Taman Platinum,Sepang,MPSp,Dengkil,WD Land Sdn. Bhd.,,,96,,,Siap Dibina,100,,,,,lokasi/lot daripada masterlist LPHS; koordinat tidak disediakan,SRC-LPHS-RSKU-Q1-2025,2025-Q1,Masterlist LPHS Q1 2025 dibekalkan pengguna; rekod diekstrak terus daripada jadual sumber,2025-Q1,LPHS baseline,91,"Di Atas Lot 4693, Lot 4694, Lot 4695 & Lot 4696 Jalan Banting - Dengkil, Mukim Dengkil, Daerah Sepang",,
LPHS25-C-092,Rumah Selangorku,Serenia Amalia,Serenia Amalia,Sepang,MPSp,Dengkil,Sime Darby Property Berhad (Serenia City),,,180,,,Siap Dibina,100,,,,,lokasi/lot daripada masterlist LPHS; koordinat tidak disediakan,SRC-LPHS-RSKU-Q1-2025,2025-Q1,Masterlist LPHS Q1 2025 dibekalkan pengguna; rekod diekstrak terus daripada jadual sumber,2025-Q1,LPHS baseline,92,"PT 62727 dan PT 62728, Bandar Serenia, Mukim Dengkil, Daerah Sepang (Plot 4)",,
LPHS25-C-093,Rumah Selangorku,Serenia Amalia,Serenia Amalia,Sepang,MPSp,Dengkil,Sime Darby Property Berhad (Serenia City),,,252,,,Siap Dibina,100,,,,,lokasi/lot daripada masterlist LPHS; koordinat tidak disediakan,SRC-LPHS-RSKU-Q1-2025,2025-Q1,Masterlist LPHS Q1 2025 dibekalkan pengguna; rekod diekstrak terus daripada jadual sumber,2025-Q1,LPHS baseline,93,"PT 62729, Bandar Serenia, Mukim Dengkil, Daerah Sepang (Plot 5)",,
LPHS25-C-094,Rumah Selangorku,Taman Sendayu Rawang,Taman Sendayu Rawang,Gombak,MPS,Rawang,Mediterranean View Development Sdn. Bhd. (Mahsing),,,240,,,Siap Dibina,100,,,,,lokasi/lot daripada masterlist LPHS; koordinat tidak disediakan,SRC-LPHS-RSKU-Q1-2025,2025-Q1,Masterlist LPHS Q1 2025 dibekalkan pengguna; rekod diekstrak terus daripada jadual sumber,2025-Q1,LPHS baseline,94,"PN 97754 Lot 85738, Mukim Rawang, Daerah Gombak",,
LPHS25-C-095,Rumah Selangorku,M Residence 2,M Residence 2,Gombak,MPS,Rawang,Elite Park Development Sdn. Bhd. (Mah Sing Group Berhad.),,,244,,,Siap Dibina,100,,,,,lokasi/lot daripada masterlist LPHS; koordinat tidak disediakan,SRC-LPHS-RSKU-Q1-2025,2025-Q1,Masterlist LPHS Q1 2025 dibekalkan pengguna; rekod diekstrak terus daripada jadual sumber,2025-Q1,LPHS baseline,95,"Di Atas Lot 24673 PT 3080, Bandar Kundang, Mukim Rawang, Daerah Gombak.",,
LPHS25-C-096,Rumah Selangorku,Pangsapuri Seri Temenggung,Pangsapuri Seri Temenggung,Gombak,MPS,Batu,Perbadanan Kemajuan Negeri Selangor (PKNS) / JV : Rexpoint Resources Sdn. Bhd.,,,420,,,Siap Dibina,100,,,,,lokasi/lot daripada masterlist LPHS; koordinat tidak disediakan,SRC-LPHS-RSKU-Q1-2025,2025-Q1,Masterlist LPHS Q1 2025 dibekalkan pengguna; rekod diekstrak terus daripada jadual sumber,2025-Q1,LPHS baseline,96,"Di Atas Lot 255 (PA 1451), 46192, 46193, Dan 46194 (PA 53465), Kg. Sri Temenggung, Mukim Batu Daerah Gombak.",,
LPHS25-C-097,Rumah Selangorku,Kota Puteri,Kota Puteri,Gombak,MPS,,PKNS Kota Puteri Bandar Batu Arang,,,268,,,Siap Dibina,100,,,,,lokasi/lot daripada masterlist LPHS; koordinat tidak disediakan,SRC-LPHS-RSKU-Q1-2025,2025-Q1,Masterlist LPHS Q1 2025 dibekalkan pengguna; rekod diekstrak terus daripada jadual sumber,2025-Q1,LPHS baseline,97,"Di Seksyen 8, Kota Puteri, Bandar Batu Arang, Daerah Gombak. (KP:268)",,
LPHS25-C-098,Rumah Selangorku,Townhouse Idaman PKNS Selangorku @ Kota Puteri,Townhouse Idaman PKNS Selangorku @ Kota Puteri,Gombak,MPS,,PKNS Kota Puteri Bandar Batu Arang,,,198,,,Siap Dibina,100,,,,,lokasi/lot daripada masterlist LPHS; koordinat tidak disediakan,SRC-LPHS-RSKU-Q1-2025,2025-Q1,Masterlist LPHS Q1 2025 dibekalkan pengguna; rekod diekstrak terus daripada jadual sumber,2025-Q1,LPHS baseline,98,"Di Seksyen 5, Kota Puteri, Bandar Batu Arang, Daerah Gombak.",,
LPHS25-C-099,Rumah Selangorku,Laman Adonis,Laman Adonis,Gombak,MPS,,Gamuda Land (Botanic) Sdn. Bhd.,,,230,,,Siap Dibina,100,,,,,lokasi/lot daripada masterlist LPHS; koordinat tidak disediakan,SRC-LPHS-RSKU-Q1-2025,2025-Q1,Masterlist LPHS Q1 2025 dibekalkan pengguna; rekod diekstrak terus daripada jadual sumber,2025-Q1,LPHS baseline,99,"PN 98720 Lot 24680, Bandar Kundang, Daerah Gombak.",,
LPHS25-C-100,Rumah Selangorku,Danau Ria,Danau Ria,Gombak,MPS,Rawang,Bandar Serai Development Sdn. Bhd.,,,664,,,Siap Dibina,100,,,,,lokasi/lot daripada masterlist LPHS; koordinat tidak disediakan,SRC-LPHS-RSKU-Q1-2025,2025-Q1,Masterlist LPHS Q1 2025 dibekalkan pengguna; rekod diekstrak terus daripada jadual sumber,2025-Q1,LPHS baseline,100,"Di Atas Sebahagian Lot 48768, Mukim Rawang, Daerah Gombak.",,
LPHS25-C-101,Rumah Selangorku,Halaman 11,Halaman 11,Kuala Langat,MPKL,Tanjung Dua Belas,Bandar Rimbayu Sdn. Bhd. (8A1),,,180,,,Siap Dibina,100,,,,,lokasi/lot daripada masterlist LPHS; koordinat tidak disediakan,SRC-LPHS-RSKU-Q1-2025,2025-Q1,Masterlist LPHS Q1 2025 dibekalkan pengguna; rekod diekstrak terus daripada jadual sumber,2025-Q1,LPHS baseline,101,"Di Atas Lot PT 36346 (HSD 33613), Mukim Tanjung Dua Belas, Daerah Kuala Langat.",,
LPHS25-C-102,Rumah Selangorku,Idaman BSP,Idaman BSP,Kuala Langat,MPKL,Tanjung Dua Belas,Seribu Baiduri Sdn. Bhd. (LBS Bina Group Berhad) (Konsortium PNSB Construction),,,1312,,,Siap Dibina,100,,,,,lokasi/lot daripada masterlist LPHS; koordinat tidak disediakan,SRC-LPHS-RSKU-Q1-2025,2025-Q1,Masterlist LPHS Q1 2025 dibekalkan pengguna; rekod diekstrak terus daripada jadual sumber,2025-Q1,LPHS baseline,102,"Di Atas Lot 32884, 32885 & 62611 (32886), Bandar Saujana Putra, Mukim Tanjung Dua Belas, Daerah Kuala Langat, Selangor Darul Ehsan.",,
LPHS25-C-103,Rumah Selangorku,Taman Langat Utama 3,Taman Langat Utama 3,Kuala Langat,MPKL,Tanjung Dua Belas,Propvilla Development Sdn. Bhd. (Pembinaan Seri Pajam Sdn. Bhd. - pemaju terdahulu),,,19,,,Siap Dibina,100,,,,,lokasi/lot daripada masterlist LPHS; koordinat tidak disediakan,SRC-LPHS-RSKU-Q1-2025,2025-Q1,Masterlist LPHS Q1 2025 dibekalkan pengguna; rekod diekstrak terus daripada jadual sumber,2025-Q1,LPHS baseline,103,"Di Atas Hakmilik PM 2113 Lot 7723 (PT No 43940 - PT 43922) Mukim Tanjung Dua Belas, Daerah Kuala Langat",,
LPHS25-C-104,Rumah Selangorku,Taman Langat Utama 3,Taman Langat Utama 3,Kuala Selangor,MPKL,Tanjung Dua Belas,SP Bahau Development Sdn. Bhd.,,,20,,,Siap Dibina,100,,,,,lokasi/lot daripada masterlist LPHS; koordinat tidak disediakan,SRC-LPHS-RSKU-Q1-2025,2025-Q1,Masterlist LPHS Q1 2025 dibekalkan pengguna; rekod diekstrak terus daripada jadual sumber,2025-Q1,LPHS baseline,104,"Di Atas Lot 7730, Mukim Tanjung Dua Belas, Daerah Kuala Selangor",,
LPHS25-C-105,Rumah Selangorku,Taman Dato Hormat,Taman Dato Hormat,Kuala Langat,MPKL,Telok Panglima Garang,Lam Hup Enterprise Sdn. Bhd.,,,14,,,Siap Dibina,100,,,,,lokasi/lot daripada masterlist LPHS; koordinat tidak disediakan,SRC-LPHS-RSKU-Q1-2025,2025-Q1,Masterlist LPHS Q1 2025 dibekalkan pengguna; rekod diekstrak terus daripada jadual sumber,2025-Q1,LPHS baseline,105,"Di Atas Lot 3558, Mukim Telok Panglima Garang, Daerah Kuala Langat, Selangor Darul Ehsan.",,
LPHS25-C-106,Rumah Selangorku,Seri Kenari – Saujana Perdana,Seri Kenari – Saujana Perdana,Kuala Selangor,MPKS,Ijok,Kelana Kualiti Sdn. Bhd. (Glomac Berhad) Fasa 6A,,,180,,,Siap Dibina,100,,,,,lokasi/lot daripada masterlist LPHS; koordinat tidak disediakan,SRC-LPHS-RSKU-Q1-2025,2025-Q1,Masterlist LPHS Q1 2025 dibekalkan pengguna; rekod diekstrak terus daripada jadual sumber,2025-Q1,LPHS baseline,106,"Di Atas PT9148 (Lot 6240) Dan PT9147 (Lot 6243), Mukim Ijok, Daerah Kuala Selangor.",,
LPHS25-C-107,Rumah Selangorku,Seri Kenari – Saujana Perdana,Seri Kenari – Saujana Perdana,Kuala Selangor,MPKS,Ijok,Kelana Kualiti Sdn. Bhd. (Glomac Berhad) Fasa 6B,,,178,,,Siap Dibina,100,,,,,lokasi/lot daripada masterlist LPHS; koordinat tidak disediakan,SRC-LPHS-RSKU-Q1-2025,2025-Q1,Masterlist LPHS Q1 2025 dibekalkan pengguna; rekod diekstrak terus daripada jadual sumber,2025-Q1,LPHS baseline,107,"Di Atas PT9148 (Lot 6240) Dan PT9147 (Lot 6243), Mukim Ijok, Daerah Kuala Selangor.",,
LPHS25-C-108,Rumah Selangorku,Pangsapuri Seri Seraya,Pangsapuri Seri Seraya,Kuala Selangor,MPKS,Ijok,Worldwide Holdings Berhad (Ijok),,,280,,,Siap Dibina,100,,,,,lokasi/lot daripada masterlist LPHS; koordinat tidak disediakan,SRC-LPHS-RSKU-Q1-2025,2025-Q1,Masterlist LPHS Q1 2025 dibekalkan pengguna; rekod diekstrak terus daripada jadual sumber,2025-Q1,LPHS baseline,108,"Di Atas Hakmilik HS(D) 280233 PT 28767 di Puncak Bestari, Mukim Ijok, Daerah Kuala Selangor.",,
LPHS25-C-109,Rumah Selangorku,Idaman Perdana,Idaman Perdana,Kuala Selangor,MPKS,Ijok,Kemudi Ehsan Sdn. Bhd.,,,1333,,,Siap Dibina,100,,,,,lokasi/lot daripada masterlist LPHS; koordinat tidak disediakan,SRC-LPHS-RSKU-Q1-2025,2025-Q1,Masterlist LPHS Q1 2025 dibekalkan pengguna; rekod diekstrak terus daripada jadual sumber,2025-Q1,LPHS baseline,109,"Di Atas Lot 4289 PN 92984, Bandar Alam Perdana, Mukim Ijok, Daerah Kuala Selangor.",,
LPHS25-C-110,Rumah Selangorku,Eristana,Eristana,Kuala Selangor,MPKS,Ijok,Seristana Sdn. Bhd.,,,213,,,Siap Dibina,100,,,,,lokasi/lot daripada masterlist LPHS; koordinat tidak disediakan,SRC-LPHS-RSKU-Q1-2025,2025-Q1,Masterlist LPHS Q1 2025 dibekalkan pengguna; rekod diekstrak terus daripada jadual sumber,2025-Q1,LPHS baseline,110,"HSD 20215 PT 20608 Dan PN 20110 Lot 4491 Di Seri Pristana, Mukim Ijok, Daerah Kuala Selangor",,
LPHS25-C-111,Rumah Selangorku,Eristana,Eristana,Kuala Selangor,MPKS,Ijok,Seristana Sdn. Bhd.,,,192,,,Siap Dibina,100,,,,,lokasi/lot daripada masterlist LPHS; koordinat tidak disediakan,SRC-LPHS-RSKU-Q1-2025,2025-Q1,Masterlist LPHS Q1 2025 dibekalkan pengguna; rekod diekstrak terus daripada jadual sumber,2025-Q1,LPHS baseline,111,"HSD 20215 PT 20608 Dan PN 20110 Lot 4491 Di Seri Pristana, Mukim Ijok, Daerah Kuala Selangor",,
LPHS25-C-112,Rumah Selangorku,Taman Sungai Yu Indah,Taman Sungai Yu Indah,Kuala Selangor,MPKS,Hujung Permatang,Serambi Padu Sdn. Bhd.,,,107,,,Siap Dibina,100,,,,,lokasi/lot daripada masterlist LPHS; koordinat tidak disediakan,SRC-LPHS-RSKU-Q1-2025,2025-Q1,Masterlist LPHS Q1 2025 dibekalkan pengguna; rekod diekstrak terus daripada jadual sumber,2025-Q1,LPHS baseline,112,"Mukim Hujung Permatang, Daerah Kuala Selangor. (Fasa 1)",,
LPHS25-C-113,Rumah Selangorku,Saujana Aman,Saujana Aman,Kuala Selangor,MPKS,Ijok,Glomac Land Sdn. Bhd. & Magic Season Sdn. Bhd. (Saujana Aman),,,315,,,Siap Dibina,100,,,,,lokasi/lot daripada masterlist LPHS; koordinat tidak disediakan,SRC-LPHS-RSKU-Q1-2025,2025-Q1,Masterlist LPHS Q1 2025 dibekalkan pengguna; rekod diekstrak terus daripada jadual sumber,2025-Q1,LPHS baseline,113,"Lot 2968 PT 1887, Lot 2969 PT 1888, Lot 2970 PT 1889, Lot 2971 PT 1890, Lot 2972 PT 1891 Dan Lot 2973 PT 1892, Di Batu 22 Ijok, Saujana Aman, Mukim Ijok, Daerah Kuala Selangor",,
LPHS25-C-114,Rumah Selangorku,Taman Mutiara 1,Taman Mutiara 1,Kuala Selangor,MPKS,Hujung Permatang,Soon Sin Hin Dev. Sdn. Bhd.,,,32,,,Siap Dibina,100,,,,,lokasi/lot daripada masterlist LPHS; koordinat tidak disediakan,SRC-LPHS-RSKU-Q1-2025,2025-Q1,Masterlist LPHS Q1 2025 dibekalkan pengguna; rekod diekstrak terus daripada jadual sumber,2025-Q1,LPHS baseline,114,"Lot 1591 Dan PT 2053, Mukim Hujung Permatang, Daerah Kuala Selangor.",,
LPHS25-C-115,Rumah Selangorku,Taman Kiara,Taman Kiara,Kuala Selangor,MPKS,,Soon Sin Hin Dev. Sdn. Bhd.,,,52,,,Siap Dibina,100,,,,,lokasi/lot daripada masterlist LPHS; koordinat tidak disediakan,SRC-LPHS-RSKU-Q1-2025,2025-Q1,Masterlist LPHS Q1 2025 dibekalkan pengguna; rekod diekstrak terus daripada jadual sumber,2025-Q1,LPHS baseline,115,"Hakmilik HSD 15415 Lot 7060 (PT 4245), Mukim Api-api, Daerah Kuala Selangor",,
LPHS25-C-116,Rumah Selangorku,Hibiscus 3,Hibiscus 3,Kuala Selangor,MPKS,Ijok,KL-Kepong Country Homes Sdn. Bhd.,,,274,,,Siap Dibina,100,,,,,lokasi/lot daripada masterlist LPHS; koordinat tidak disediakan,SRC-LPHS-RSKU-Q1-2025,2025-Q1,Masterlist LPHS Q1 2025 dibekalkan pengguna; rekod diekstrak terus daripada jadual sumber,2025-Q1,LPHS baseline,116,"Ke Atas Hakmilik HS(D) 281901 PT 30130 Hingga HS(D) 281934 PT 30163, HS(D) 281900 PT 30129 Hingga HS(D) 281847 PT 30076, HS(D) 281789 PT 30018 Hingga HS(D) 281846 PT 30075, HS(D) 281693 PT 29922 Hingga HS(D) 281788 PT 30017 Dan HS(D) 281661 PT 29890 Hingga HS(D) 281692 PT 299211, Lot 851, Mukim Ijok Daerah Kuala Selangor. (Projek 2)",,
LPHS25-C-117,Rumah Selangorku,Hibiscus 2,Hibiscus 2,Kuala Selangor,MPKS,Ijok,KL-Kepong Country Homes S.B,,,224,,,Siap Dibina,100,,,,,lokasi/lot daripada masterlist LPHS; koordinat tidak disediakan,SRC-LPHS-RSKU-Q1-2025,2025-Q1,Masterlist LPHS Q1 2025 dibekalkan pengguna; rekod diekstrak terus daripada jadual sumber,2025-Q1,LPHS baseline,117,"Di Atas Lot 851, Geran 39815, Mukim Ijok Daerah Kuala Selangor.",,
LPHS25-C-118,Rumah Selangorku,Pangsapuri Irina,Pangsapuri Irina,Kuala Selangor,MPKS,Ijok,OIB Properties (CV) Sdn. Bhd.,,,394,,,Siap Dibina,100,,,,,lokasi/lot daripada masterlist LPHS; koordinat tidak disediakan,SRC-LPHS-RSKU-Q1-2025,2025-Q1,Masterlist LPHS Q1 2025 dibekalkan pengguna; rekod diekstrak terus daripada jadual sumber,2025-Q1,LPHS baseline,118,"Di Atas PT 41695 (HSD 294852), Taman Myra, Mukim Ijok, Daerah Kuala Selangor.",,
LPHS25-C-119,Rumah Selangorku,Alam Suria,Alam Suria,Kuala Selangor,MPKS,Jeram,Shah Alam 2 Sdn. Bhd. (IJM Land),,,170,,,Siap Dibina,100,,,,,lokasi/lot daripada masterlist LPHS; koordinat tidak disediakan,SRC-LPHS-RSKU-Q1-2025,2025-Q1,Masterlist LPHS Q1 2025 dibekalkan pengguna; rekod diekstrak terus daripada jadual sumber,2025-Q1,LPHS baseline,119,"Di Atas Lot PT 11435 hingga PT 11708 Mukim Jeram, Daerah Kuala Selangor.",,
LPHS25-C-120,Rumah Selangorku,Taman Malawati Cergas,Taman Malawati Cergas,Kuala Selangor,MPKS,,Semarak Cergas Sdn. Bhd.,,,66,,,Siap Dibina,100,,,,,lokasi/lot daripada masterlist LPHS; koordinat tidak disediakan,SRC-LPHS-RSKU-Q1-2025,2025-Q1,Masterlist LPHS Q1 2025 dibekalkan pengguna; rekod diekstrak terus daripada jadual sumber,2025-Q1,LPHS baseline,120,"Di Atas Lot 722, Hakmilik PN 30945, Bandar Baru Kuala Selangor, Mukim Api-api, Daerah Kuala Selangor.",,
LPHS25-C-121,Rumah Selangorku,Taman Rasa Utama,Taman Rasa Utama,Hulu Selangor,MPHS,Batang Kali,Ho Sin & Son Enterprise Sdn. Bhd.,,,178,,,Siap Dibina,100,,,,,lokasi/lot daripada masterlist LPHS; koordinat tidak disediakan,SRC-LPHS-RSKU-Q1-2025,2025-Q1,Masterlist LPHS Q1 2025 dibekalkan pengguna; rekod diekstrak terus daripada jadual sumber,2025-Q1,LPHS baseline,121,"Di Atas Lot 4266 HS(D) 2496, Mukim Batang Kali Daerah Hulu Selangor.",,
LPHS25-C-122,Rumah Selangorku,Aster,Aster,Hulu Selangor,MPHS,Serendah,Medan Prestasi Sdn. Bhd. (Fasa 4A),,,126,,,Siap Dibina,100,,,,,lokasi/lot daripada masterlist LPHS; koordinat tidak disediakan,SRC-LPHS-RSKU-Q1-2025,2025-Q1,Masterlist LPHS Q1 2025 dibekalkan pengguna; rekod diekstrak terus daripada jadual sumber,2025-Q1,LPHS baseline,122,"Di Atas Lot 20102 Pn 115616, Mukim Serendah, Daerah Hulu Selangor.",,
LPHS25-C-123,Rumah Selangorku,Aster,Aster,Hulu Selangor,MPHS,Serendah,Medan Prestasi Sdn. Bhd. (Fasa 4B),,,114,,,Siap Dibina,100,,,,,lokasi/lot daripada masterlist LPHS; koordinat tidak disediakan,SRC-LPHS-RSKU-Q1-2025,2025-Q1,Masterlist LPHS Q1 2025 dibekalkan pengguna; rekod diekstrak terus daripada jadual sumber,2025-Q1,LPHS baseline,123,"Di Atas Lot 20102 Pn 115616, Mukim Serendah, Daerah Hulu Selangor.",,
LPHS25-C-124,Rumah Selangorku,Iris,Iris,Hulu Selangor,MPHS,Serendah,Medan Prestasi Sdn. Bhd. (FASA 1D1),,,52,,,Siap Dibina,100,,,,,lokasi/lot daripada masterlist LPHS; koordinat tidak disediakan,SRC-LPHS-RSKU-Q1-2025,2025-Q1,Masterlist LPHS Q1 2025 dibekalkan pengguna; rekod diekstrak terus daripada jadual sumber,2025-Q1,LPHS baseline,124,"Ke Atas PT 12034, PT12035, PT12036, PT 12037, PT 12038, PT 12039, PT 12040, PT 12041 Dan PT 13777, Taman Bunga Raya, Mukim Serendah, Daerah Hulu Selangor.",,
LPHS25-C-125,Rumah Selangorku,Iris,Iris,Hulu Selangor,MPHS,Serendah,Medan Prestasi Sdn. Bhd. (FASA 1D2),,,60,,,Siap Dibina,100,,,,,lokasi/lot daripada masterlist LPHS; koordinat tidak disediakan,SRC-LPHS-RSKU-Q1-2025,2025-Q1,Masterlist LPHS Q1 2025 dibekalkan pengguna; rekod diekstrak terus daripada jadual sumber,2025-Q1,LPHS baseline,125,"Ke Atas PT 12034, PT12035, PT12036, PT 12037, PT 12038, PT 12039, PT 12040, PT 12041 Dan PT 13777, Taman Bunga Raya, Mukim Serendah, Daerah Hulu Selangor.",,
LPHS25-C-126,Rumah Selangorku,Iris,Iris,Hulu Selangor,MPHS,Serendah,Medan Prestasi Sdn. Bhd. (FASA 1C),,,101,,,Siap Dibina,100,,,,,lokasi/lot daripada masterlist LPHS; koordinat tidak disediakan,SRC-LPHS-RSKU-Q1-2025,2025-Q1,Masterlist LPHS Q1 2025 dibekalkan pengguna; rekod diekstrak terus daripada jadual sumber,2025-Q1,LPHS baseline,126,"Ke Atas PT 12034, PT12035, PT12036, PT 12037, PT 12038, PT 12039, PT 12040, PT 12041 Dan PT 13777, Taman Bunga Raya, Mukim Serendah, Daerah Hulu Selangor.",,
LPHS25-C-127,Rumah Selangorku,Iris,Iris,Hulu Selangor,MPHS,Serendah,Medan Prestasi Sdn. Bhd. (FASA 1B),,,97,,,Siap Dibina,100,,,,,lokasi/lot daripada masterlist LPHS; koordinat tidak disediakan,SRC-LPHS-RSKU-Q1-2025,2025-Q1,Masterlist LPHS Q1 2025 dibekalkan pengguna; rekod diekstrak terus daripada jadual sumber,2025-Q1,LPHS baseline,127,"Ke Atas PT 12034, PT12035, PT12036, PT 12037, PT 12038, PT 12039, PT 12040, PT 12041 Dan PT 13777, Taman Bunga Raya, Mukim Serendah, Daerah Hulu Selangor.",,
LPHS25-C-128,Rumah Selangorku,Iris,Iris,Hulu Selangor,MPHS,Serendah,Medan Prestasi Sdn. Bhd. (FASA 1A),,,109,,,Siap Dibina,100,,,,,lokasi/lot daripada masterlist LPHS; koordinat tidak disediakan,SRC-LPHS-RSKU-Q1-2025,2025-Q1,Masterlist LPHS Q1 2025 dibekalkan pengguna; rekod diekstrak terus daripada jadual sumber,2025-Q1,LPHS baseline,128,"Ke Atas PT 12034, PT12035, PT12036, PT 12037, PT 12038, PT 12039, PT 12040, PT 12041 Dan PT 13777, Taman Bunga Raya, Mukim Serendah, Daerah Hulu Selangor.",,
LPHS25-C-129,Rumah Selangorku,Selangorku PPAM @ Ulu Yam,Selangorku PPAM @ Ulu Yam,Hulu Selangor,MPHS,Ulu Yam,Ringgit Muhibbah Sdn. Bhd.,,,475,,,Siap Dibina,100,,,,,lokasi/lot daripada masterlist LPHS; koordinat tidak disediakan,SRC-LPHS-RSKU-Q1-2025,2025-Q1,Masterlist LPHS Q1 2025 dibekalkan pengguna; rekod diekstrak terus daripada jadual sumber,2025-Q1,LPHS baseline,129,"Di Atas PT 697, PT 698, PT 699, PT 700 dan PT 701, Mukim Ulu Yam, Daerah Hulu Selangor",,
LPHS25-C-130,Rumah Selangorku,Taman Keruing Rasa,Taman Keruing Rasa,Hulu Selangor,MPHS,Batang Kali,Perbadanan Kemajuan Negeri Selangor (PKNS),,,60,,,Siap Dibina,100,,,,,lokasi/lot daripada masterlist LPHS; koordinat tidak disediakan,SRC-LPHS-RSKU-Q1-2025,2025-Q1,Masterlist LPHS Q1 2025 dibekalkan pengguna; rekod diekstrak terus daripada jadual sumber,2025-Q1,LPHS baseline,130,"Ke Atas Hakmilik PN 104069 Lot 18977, Taman Keruing Rasa, Mukim Batang Kali Daerah Hulu Selangor.",,
LPHS25-C-131,Rumah Selangorku,Antara Gapi Fasa 1D,Antara Gapi Fasa 1D,Hulu Selangor,MPHS,,PKNS Antara Gapi Bandar FASA 1 Sg Chik,,,129,,,Siap Dibina,100,,,,,lokasi/lot daripada masterlist LPHS; koordinat tidak disediakan,SRC-LPHS-RSKU-Q1-2025,2025-Q1,Masterlist LPHS Q1 2025 dibekalkan pengguna; rekod diekstrak terus daripada jadual sumber,2025-Q1,LPHS baseline,131,"Di Atas Sebahagian PT1 HS(D) 39397 Seksyen 1D (Fasa 1), Antara Gapi, Bandar Sungai Chik, Daerah Hulu Selangor.",,
LPHS25-C-132,Rumah Selangorku,Antara Gapi Fasa 1D,Antara Gapi Fasa 1D,Hulu Selangor,MPHS,,PKNS Antara Gapi Bandar FASA 1D Sg Chik,,,80,,,Siap Dibina,100,,,,,lokasi/lot daripada masterlist LPHS; koordinat tidak disediakan,SRC-LPHS-RSKU-Q1-2025,2025-Q1,Masterlist LPHS Q1 2025 dibekalkan pengguna; rekod diekstrak terus daripada jadual sumber,2025-Q1,LPHS baseline,132,"Hakmilik PT 1 Blok 1 Di Seksyen 1 Antara Gapi, Bandar Sungai Chik, Daerah Hulu Selangor.",,
LPHS25-C-133,Rumah Selangorku,Taman Pinggiran KKB,Taman Pinggiran KKB,Hulu Selangor,MPHS,,Kayumanis Capital Sdn Bhd.,,,63,,,Siap Dibina,100,,,,,lokasi/lot daripada masterlist LPHS; koordinat tidak disediakan,SRC-LPHS-RSKU-Q1-2025,2025-Q1,Masterlist LPHS Q1 2025 dibekalkan pengguna; rekod diekstrak terus daripada jadual sumber,2025-Q1,LPHS baseline,133,"Di Atas Lot 1218 Ke Lot 1229 Dan Lot 1231 Ke Lot 1249, Seksyen 16, Bandar Kuala Kubu Bharu, Daerah Ulu Selangor.",,
LPHS25-C-134,Rumah Selangorku,Taman Pertama,Taman Pertama,Sabak Bernam,MDSB,Panchang Bedena,Lian Soon Thiam Sdn. Bhd.,,,52,,,Siap Dibina,100,,,,,lokasi/lot daripada masterlist LPHS; koordinat tidak disediakan,SRC-LPHS-RSKU-Q1-2025,2025-Q1,Masterlist LPHS Q1 2025 dibekalkan pengguna; rekod diekstrak terus daripada jadual sumber,2025-Q1,LPHS baseline,134,"Di Atas Lot 871, Lot 872, 873, 874, 875 dan 876, Mukim Panchang Bedena, Daerah Sabak Bernam",,
LPHS25-C-135,Rumah Selangorku,Taman Pertama,Taman Pertama,Sabak Bernam,MDSB,Panchang Bedena,Lian Soon Thiam Sdn. Bhd.,,,43,,,Siap Dibina,100,,,,,lokasi/lot daripada masterlist LPHS; koordinat tidak disediakan,SRC-LPHS-RSKU-Q1-2025,2025-Q1,Masterlist LPHS Q1 2025 dibekalkan pengguna; rekod diekstrak terus daripada jadual sumber,2025-Q1,LPHS baseline,135,"Di Atas Lot 871, Lot 872, 873, 874, 875 dan 876, Mukim Panchang Bedena, Daerah Sabak Bernam",,
LPHS25-U-001,Rumah Selangorku,Idaman Bukit Jelutong,Idaman Bukit Jelutong,Petaling,MBSA,Damansara,Konsortium PNSB Contruction (Nadi Emery) Dahulu Sime Darby Property Berhad,,,1260,,,Dalam Pembinaan,,,,,,lokasi/lot daripada masterlist LPHS; koordinat tidak disediakan,SRC-LPHS-RSKU-Q1-2025,2025-Q1,Masterlist LPHS Q1 2025 dibekalkan pengguna; rekod diekstrak terus daripada jadual sumber,2025-Q1,LPHS baseline,1,"Di Atas Hakmilik GRN 74722 Lot 78637, Seksyen U8, Bukit Jelutong, Shah Alam, Mukim Damansara, Daerah Petaling.",,
LPHS25-U-002,Rumah Selangorku,Residensi Akasia,Residensi Akasia,Petaling,MBSA,Bukit Raja,BHL Land Sdn. Bhd. (Stack Builder Sdn. Bhd.),,,963,,,Dalam Pembinaan,,,,,,lokasi/lot daripada masterlist LPHS; koordinat tidak disediakan,SRC-LPHS-RSKU-Q1-2025,2025-Q1,Masterlist LPHS Q1 2025 dibekalkan pengguna; rekod diekstrak terus daripada jadual sumber,2025-Q1,LPHS baseline,2,"Di Atas Hakmilik PN 114156 Lot 96079, Mukim Bukit Raja, Daerah Petaling. (Fasa 1)",,
LPHS25-U-003,Rumah Selangorku,Idaman Cahaya 1,Idaman Cahaya 1,Petaling,MBSA,Bukit Raja,Konsortium PNSB Construction ( Idaman Kukuh Sdn. Bhd.) sebelum ini Must Ehsan Development Sdn. Bhd. (Perbadanan Kemajuan Negeri Selangor - PKNS)(U12) (Idaman Cahaya 1),,,568,,,Dalam Pembinaan,,,,,,lokasi/lot daripada masterlist LPHS; koordinat tidak disediakan,SRC-LPHS-RSKU-Q1-2025,2025-Q1,Masterlist LPHS Q1 2025 dibekalkan pengguna; rekod diekstrak terus daripada jadual sumber,2025-Q1,LPHS baseline,3,"Di Atas Hakmilik PN81867 Lot 4006, PN81869 Lot 4010 Dan PN83453 Lot 5530 Di Taman Cahaya Alam, Seksyen U12 Shah Alam, Mukim Bukit Raja, Daerah Petaling. IDAMAN CAHAYA 1",,
LPHS25-U-004,Rumah Selangorku,Idaman Cahaya 2,Idaman Cahaya 2,Petaling,MBSA,Bukit Raja,Konsortium PNSB Construction ( Idaman Kukuh Sdn. Bhd.) sebelum ini Must Ehsan Development Sdn. Bhd. (Perbadanan Kemajuan Negeri Selangor - PKNS)(U12) (Idaman Cahaya 2),,,872,,,Dalam Pembinaan,,,,,,lokasi/lot daripada masterlist LPHS; koordinat tidak disediakan,SRC-LPHS-RSKU-Q1-2025,2025-Q1,Masterlist LPHS Q1 2025 dibekalkan pengguna; rekod diekstrak terus daripada jadual sumber,2025-Q1,LPHS baseline,4,"Di Atas Hakmilik PN81867 Lot 4006, PN81869 Lot 4010 Dan PN83453 Lot 5530 Di Taman Cahaya Alam, Seksyen U12 Shah Alam, Mukim Bukit Raja, Daerah Petaling. IDAMAN CAHAYA 2",,
LPHS25-U-005,Rumah Selangorku,Casa Jasmine,Casa Jasmine,Petaling,MBSA,Bukit Raja,Mentari Properties Sdn. Bhd. (Mentari Parkville Sdn. Bhd.),,,400,,,Dalam Pembinaan,,,,,,lokasi/lot daripada masterlist LPHS; koordinat tidak disediakan,SRC-LPHS-RSKU-Q1-2025,2025-Q1,Masterlist LPHS Q1 2025 dibekalkan pengguna; rekod diekstrak terus daripada jadual sumber,2025-Q1,LPHS baseline,5,"Di Atas PT 26199 HS(D) 264259, Presint 12, Seksyen U13, Mukim Bukit Raja, Daerah Petaling.",,
LPHS25-U-006,Rumah Selangorku,Nadi 1,Nadi 1,Petaling,MBSA,Bukit Raja,Trans Loyal Development Sdn. Bhd. (Pemaju Terdahulu Eco Ardence Sdn. Bhd.),,,1019,,,Dalam Pembinaan,,,,,,lokasi/lot daripada masterlist LPHS; koordinat tidak disediakan,SRC-LPHS-RSKU-Q1-2025,2025-Q1,Masterlist LPHS Q1 2025 dibekalkan pengguna; rekod diekstrak terus daripada jadual sumber,2025-Q1,LPHS baseline,6,"Di Atas Hakmilik HSD 321718 PT 40182, HSD 321719 PT 40183 Dan HSD 321720 PT 40184, Eco Ardence, Mukim Bukit Raja, Daerah Petaling.",,
LPHS25-U-007,Rumah Selangorku,Nadi 2,Nadi 2,Petaling,MBSA,Bukit Raja,Trans Loyal Development Sdn. Bhd. (Pemaju Terdahulu Eco Ardence Sdn. Bhd.),,,959,,,Dalam Pembinaan,,,,,,lokasi/lot daripada masterlist LPHS; koordinat tidak disediakan,SRC-LPHS-RSKU-Q1-2025,2025-Q1,Masterlist LPHS Q1 2025 dibekalkan pengguna; rekod diekstrak terus daripada jadual sumber,2025-Q1,LPHS baseline,7,"Di Atas Hakmilik HSD 321718 PT 40182, HSD 321719 PT 40183 Dan HSD 321720 PT 40184, Eco Ardence, Mukim Bukit Raja, Daerah Petaling.",,
LPHS25-U-008,Rumah Selangorku,Idaman Kwasa,Idaman Kwasa,Petaling,MBSA,Sungai Buloh,Konsortium PNSB Construction,,,1669,,,Dalam Pembinaan,,,,,,lokasi/lot daripada masterlist LPHS; koordinat tidak disediakan,SRC-LPHS-RSKU-Q1-2025,2025-Q1,Masterlist LPHS Q1 2025 dibekalkan pengguna; rekod diekstrak terus daripada jadual sumber,2025-Q1,LPHS baseline,8,"Di Atas Hakmilik GRN 335272 Lot 87230, Mukim Sungai Buloh, Daerah Petaling, Selangor Darul Ehsan. (KWASA MBSA)",,
LPHS25-U-009,Rumah Selangorku,Pangsapuri Harmoni TWL,Pangsapuri Harmoni TWL,Petaling,MBSJ,Damansara,Tinta Kaca Development Sdn. Bhd. (Dahulunya Inta Development Sdn. Bhd.)(Dahulunya Sime Darby USJ Development Sdn. Bhd.),,,715,,,Dalam Pembinaan,,,,,,lokasi/lot daripada masterlist LPHS; koordinat tidak disediakan,SRC-LPHS-RSKU-Q1-2025,2025-Q1,Masterlist LPHS Q1 2025 dibekalkan pengguna; rekod diekstrak terus daripada jadual sumber,2025-Q1,LPHS baseline,9,"Hakmilik HSD 318432 Hingga HSD 318447 PT 35900 Hingga PT 35915 (Lot Lama 66668 Geran 120326 dan Geran 318160 Lot 77716, Taman Pinggiran Subang, Mukim Damansara, Daerah Petaling. (Lot 77716)",,
LPHS25-U-010,Rumah Selangorku,Pangsapuri Mesra,Pangsapuri Mesra,Petaling,MBSJ,Petaling,Hayat Abadi Sdn. Bhd.,,,96,,,Dalam Pembinaan,,,,,,lokasi/lot daripada masterlist LPHS; koordinat tidak disediakan,SRC-LPHS-RSKU-Q1-2025,2025-Q1,Masterlist LPHS Q1 2025 dibekalkan pengguna; rekod diekstrak terus daripada jadual sumber,2025-Q1,LPHS baseline,10,"Di Atas Hakmilik GM 1244 Lot 116805, GM 1245 Lot 116806 Dan GM 1246 Lot 116807, Taman Bukit Serdang, Seksyen 10, Seri Kembangan, Mukim Petaling, Daerah Petaling.",,
LPHS25-U-011,Rumah Selangorku,Pangsapuri Azalea,Pangsapuri Azalea,Petaling,MBSJ,Damansara,Berjaya Tagar Sdn. Bhd.,,,402,,,Dalam Pembinaan,,,,,,lokasi/lot daripada masterlist LPHS; koordinat tidak disediakan,SRC-LPHS-RSKU-Q1-2025,2025-Q1,Masterlist LPHS Q1 2025 dibekalkan pengguna; rekod diekstrak terus daripada jadual sumber,2025-Q1,LPHS baseline,11,"Di Atas Hakmilik GRN 97405 Lot 76522 Dan GRN 97406 Lot 76523, Mukim Damansara, Daerah Petaling.",,
LPHS25-U-012,Rumah Selangorku,Gamelan,Gamelan,Klang,MBDK,Kapar,Sime Darby Property (Klang) Sdn. Bhd.,,,154,,,Dalam Pembinaan,,,,,,lokasi/lot daripada masterlist LPHS; koordinat tidak disediakan,SRC-LPHS-RSKU-Q1-2025,2025-Q1,Masterlist LPHS Q1 2025 dibekalkan pengguna; rekod diekstrak terus daripada jadual sumber,2025-Q1,LPHS baseline,12,"Di Atas Geran 164622 Lot 46961 (Fasa 12E), Fasa 1 (Stage 1), Bandar Bukit Raja, Mukim Kapar, Daerah Klang. (Gamelan)",,
LPHS25-U-013,Rumah Selangorku,Topaz,Topaz,Klang,MBDK,Klang,Malayapine Estates Sdn. Bhd.,,,276,,,Dalam Pembinaan,,,,,,lokasi/lot daripada masterlist LPHS; koordinat tidak disediakan,SRC-LPHS-RSKU-Q1-2025,2025-Q1,Masterlist LPHS Q1 2025 dibekalkan pengguna; rekod diekstrak terus daripada jadual sumber,2025-Q1,LPHS baseline,13,"Di Atas PT 139248, PT 139969 Dan PT 140249, Bandar Putera, Mukim Klang, Daerah Klang.",,
LPHS25-U-014,Rumah Selangorku,Pangsapuri Bayu Impian,Pangsapuri Bayu Impian,Klang,MBDK,Klang,I & P Kota Bayuemas Sdn. Bhd.,,,561,,,Dalam Pembinaan,,,,,,lokasi/lot daripada masterlist LPHS; koordinat tidak disediakan,SRC-LPHS-RSKU-Q1-2025,2025-Q1,Masterlist LPHS Q1 2025 dibekalkan pengguna; rekod diekstrak terus daripada jadual sumber,2025-Q1,LPHS baseline,14,"Di Atas Hakmilik HSD 134770 PT 128205, Fasa RP12, Kota Bayuemas, Mukim Klang, Daerah Klang, Selangor Darul Ehsan.",,
LPHS25-U-015,Rumah Selangorku,Residensi Nuria,Residensi Nuria,Gombak,MPAJ,Ulu Kelang,Warisan Rajawali Sdn. Bhd.,,,275,,,Dalam Pembinaan,,,,,,lokasi/lot daripada masterlist LPHS; koordinat tidak disediakan,SRC-LPHS-RSKU-Q1-2025,2025-Q1,Masterlist LPHS Q1 2025 dibekalkan pengguna; rekod diekstrak terus daripada jadual sumber,2025-Q1,LPHS baseline,15,"Di Atas PT 18778, No. HS(D) 98032, Taman Nadayu, Mukim Ulu Kelang, Daerah Gombak.",,
LPHS25-U-016,Rumah Selangorku,Saphhire 9,Saphhire 9,Hulu Langat,MPKj,Cheras,Savana Tiara Sdn. Bhd. (Green Base Dev. Sdn. Bhd.),,,40,,,Dalam Pembinaan,,,,,,lokasi/lot daripada masterlist LPHS; koordinat tidak disediakan,SRC-LPHS-RSKU-Q1-2025,2025-Q1,Masterlist LPHS Q1 2025 dibekalkan pengguna; rekod diekstrak terus daripada jadual sumber,2025-Q1,LPHS baseline,16,"Hakmilik GM 886 Lot 2294 Di Batu 9, Mukim Cheras, Daerah Hulu Langat",,
LPHS25-U-017,Rumah Selangorku,Residensi Oleander,Residensi Oleander,Hulu Langat,MPKj,Beranang,Trans Loyal Dev. Sdn. Bhd. Eco Majestic Sdn. Bhd. (Eco World Development Berhad) (Eco Majestic) Plot 5 PT 15781,,,933,,,Dalam Pembinaan,,,,,,lokasi/lot daripada masterlist LPHS; koordinat tidak disediakan,SRC-LPHS-RSKU-Q1-2025,2025-Q1,Masterlist LPHS Q1 2025 dibekalkan pengguna; rekod diekstrak terus daripada jadual sumber,2025-Q1,LPHS baseline,17,"Di Atas Lot PT15780, PT15781, PT15782, PT15783, PT15784 & PT15785, Eco Majestic, Mukim Beranang, Daerah Hulu Langat, Selangor Darul Ehsan.",,
LPHS25-U-018,Rumah Selangorku,Residensi Begonia,Residensi Begonia,Hulu Langat,MPKj,Beranang,Trans Loyal Dev. Sdn. Bhd. Eco Majestic Sdn. Bhd. (Eco World Development Berhad) (Eco Majestic) Plot 6 PT 15780,,,1200,,,Dalam Pembinaan,,,,,,lokasi/lot daripada masterlist LPHS; koordinat tidak disediakan,SRC-LPHS-RSKU-Q1-2025,2025-Q1,Masterlist LPHS Q1 2025 dibekalkan pengguna; rekod diekstrak terus daripada jadual sumber,2025-Q1,LPHS baseline,18,"Di Atas Lot PT15780, PT15781, PT15782, PT15783, PT15784 & PT15785, Eco Majestic, Mukim Beranang, Daerah Hulu Langat, Selangor Darul Ehsan.",,
LPHS25-U-019,Rumah Selangorku,Residensi Seri Putra,Residensi Seri Putra,Hulu Langat,MPKj,Kajang,Bangi Heights Development Sdn. Bhd. JV BA Urus Bina Sdn. Bhd.,,,1044,,,Dalam Pembinaan,,,,,,lokasi/lot daripada masterlist LPHS; koordinat tidak disediakan,SRC-LPHS-RSKU-Q1-2025,2025-Q1,Masterlist LPHS Q1 2025 dibekalkan pengguna; rekod diekstrak terus daripada jadual sumber,2025-Q1,LPHS baseline,19,"Di Atas Lot 38827, Mukim Kajang, Daerah Hulu Langat.",,
LPHS25-U-020,Rumah Selangorku,Pangsapuri Zahra III,Pangsapuri Zahra III,Hulu Langat,MPKj,Semenyih,Ageless Land Sdn. Bhd,,,215,,,Dalam Pembinaan,,,,,,lokasi/lot daripada masterlist LPHS; koordinat tidak disediakan,SRC-LPHS-RSKU-Q1-2025,2025-Q1,Masterlist LPHS Q1 2025 dibekalkan pengguna; rekod diekstrak terus daripada jadual sumber,2025-Q1,LPHS baseline,20,"Di Atas Hakmilik GM 1014 Lot 903, GM 1015 Lot 904 Dan GM 49 Lot 322 Di Mukim Semenyih, Daerah Hulu Langat.",,
LPHS25-U-021,Rumah Selangorku,Pangsapuri Suasana Aman,Pangsapuri Suasana Aman,Hulu Langat,MPKj,,Zoom Development Sdn. Bhd. Exclusive Expansion Sdn. Bhd. (Rising Charm Sdn. Bhd.),,,50,,,Dalam Pembinaan,,,,,,lokasi/lot daripada masterlist LPHS; koordinat tidak disediakan,SRC-LPHS-RSKU-Q1-2025,2025-Q1,Masterlist LPHS Q1 2025 dibekalkan pengguna; rekod diekstrak terus daripada jadual sumber,2025-Q1,LPHS baseline,21,"Di Atas Hakmilik Dan HSD 186726 PT 88427 (PT 47665, Lot 41148 dan Lot 41311), Pekan Kampung Sungai Tangkas, Daerah Hulu Langat.",,
LPHS25-U-022,Rumah Selangorku,RSKU Twin Palms,RSKU Twin Palms,Hulu Langat,MPKj,Cheras,Fabulous Range Sdn. Bhd.,,,236,,,Dalam Pembinaan,,,,,,lokasi/lot daripada masterlist LPHS; koordinat tidak disediakan,SRC-LPHS-RSKU-Q1-2025,2025-Q1,Masterlist LPHS Q1 2025 dibekalkan pengguna; rekod diekstrak terus daripada jadual sumber,2025-Q1,LPHS baseline,22,"Di Atas Hakmilik HSD 137412 PT 52075, Mukim Cheras, Daerah Hulu Langat",,
LPHS25-U-023,Rumah Selangorku,Residensi Tiara Vista,Residensi Tiara Vista,Hulu Langat,MPKj,Cheras,Kueen Lai Villa Sdn. Bhd.,,,132,,,Dalam Pembinaan,,,,,,lokasi/lot daripada masterlist LPHS; koordinat tidak disediakan,SRC-LPHS-RSKU-Q1-2025,2025-Q1,Masterlist LPHS Q1 2025 dibekalkan pengguna; rekod diekstrak terus daripada jadual sumber,2025-Q1,LPHS baseline,23,"Di Atas PT 60127 dan PT 60128 Mukim Cheras, Daerah Hulu Langat (Tiara Vista)",,
LPHS25-U-024,Rumah Selangorku,Residensi Bukit Tiara,Residensi Bukit Tiara,Hulu Langat,MPKj,Kajang,Apollo Dynasty Sdn. Bhd. (Sani - Map Development - pemaju terdahulu),,,119,,,Dalam Pembinaan,,,,,,lokasi/lot daripada masterlist LPHS; koordinat tidak disediakan,SRC-LPHS-RSKU-Q1-2025,2025-Q1,Masterlist LPHS Q1 2025 dibekalkan pengguna; rekod diekstrak terus daripada jadual sumber,2025-Q1,LPHS baseline,24,"Di Atas Hakmilik GRN 94669 Lot 1758, Bukit Angkat, Mukim Kajang, Daerah Hulu Langat, Selangor Darul Ehsan. (Bukit Tiara)",,
LPHS25-U-025,Rumah Selangorku,Vista Idaman,Vista Idaman,Hulu Langat,MPKj,Semenyih,Iwajib Property Sdn. Bhd. (Kevo Bina Sdn. Bhd.),,,260,,,Dalam Pembinaan,,,,,,lokasi/lot daripada masterlist LPHS; koordinat tidak disediakan,SRC-LPHS-RSKU-Q1-2025,2025-Q1,Masterlist LPHS Q1 2025 dibekalkan pengguna; rekod diekstrak terus daripada jadual sumber,2025-Q1,LPHS baseline,25,"Di Atas Hakmilik HSD 67895 PT 14526, Mukim Semenyih, Daerah Hulu Langat",,
LPHS25-U-026,Rumah Selangorku,Residensi Selangorku Seri Sempurna,Residensi Selangorku Seri Sempurna,Hulu Langat,MPKj,Semenyih,Jian Wei Development Sdn. Bhd.,,,969,,,Dalam Pembinaan,,,,,,lokasi/lot daripada masterlist LPHS; koordinat tidak disediakan,SRC-LPHS-RSKU-Q1-2025,2025-Q1,Masterlist LPHS Q1 2025 dibekalkan pengguna; rekod diekstrak terus daripada jadual sumber,2025-Q1,LPHS baseline,26,"Di Atas Hakmilik HSD 180149 PT 46073 Dan Sebahagian Hakmilik HSD 180150 PT 46074, Mukim Semenyih, Daerah Hulu Langat",,
LPHS25-U-027,Rumah Selangorku,Adelia 4,Adelia 4,Hulu Langat,MPKj,Kajang,Trans Loyal Development Sdn. Bhd. (Adelia 4),,,264,,,Dalam Pembinaan,,,,,,lokasi/lot daripada masterlist LPHS; koordinat tidak disediakan,SRC-LPHS-RSKU-Q1-2025,2025-Q1,Masterlist LPHS Q1 2025 dibekalkan pengguna; rekod diekstrak terus daripada jadual sumber,2025-Q1,LPHS baseline,27,"Di Atas HSD 180143, Lot PT 87787, Dari Sebahagian Lot 44805 (Dahulunya PT 69786), Mukim Kajang, Daerah Hulu Langat, Selangor Darul Ehsan",,
LPHS25-U-028,Rumah Selangorku,Adelia 3,Adelia 3,Hulu Langat,MPKj,Kajang,Trans Loyal Development Sdn. Bhd. (Adelia 3),,,264,,,Dalam Pembinaan,,,,,,lokasi/lot daripada masterlist LPHS; koordinat tidak disediakan,SRC-LPHS-RSKU-Q1-2025,2025-Q1,Masterlist LPHS Q1 2025 dibekalkan pengguna; rekod diekstrak terus daripada jadual sumber,2025-Q1,LPHS baseline,28,"Di Atas HSD 189622, Lot PT 88677, Mukim Kajang, Daerah Hulu Langat, Selangor Darul Ehsan",,
LPHS25-U-029,Rumah Selangorku,Pangsapuri Selangorku @ Sari,Pangsapuri Selangorku @ Sari,Gombak,MPS,Rawang,Pinggir Mentari Sdn. Bhd. - FASA 1C,,,200,,,Dalam Pembinaan,,,,,,lokasi/lot daripada masterlist LPHS; koordinat tidak disediakan,SRC-LPHS-RSKU-Q1-2025,2025-Q1,Masterlist LPHS Q1 2025 dibekalkan pengguna; rekod diekstrak terus daripada jadual sumber,2025-Q1,LPHS baseline,29,"Di Atas Hakmilik PM 854 GRN 54445 Lot 1048 Dan Sebahagian Lot 18056, Mukim Rawang, Daerah Gombak.",,
LPHS25-U-030,Rumah Selangorku,Pangsapuri Seri Damai,Pangsapuri Seri Damai,Gombak,MPS,Batu,Permodalan Negeri Selangor Berhad (PNSB),,,340,,,Dalam Pembinaan,,,,,,lokasi/lot daripada masterlist LPHS; koordinat tidak disediakan,SRC-LPHS-RSKU-Q1-2025,2025-Q1,Masterlist LPHS Q1 2025 dibekalkan pengguna; rekod diekstrak terus daripada jadual sumber,2025-Q1,LPHS baseline,30,"Di Atas Hakmilik PT 6307 HS(D)58491 Sebahagian Lot 9877, Mukim Batu Daerah Gombak.",,
LPHS25-U-031,Rumah Selangorku,Dedaun,Dedaun,Gombak,MPS,Rawang,Semai Meranti Sdn. Bhd. (Mah Sing Group Berhad),,,213,,,Dalam Pembinaan,,,,,,lokasi/lot daripada masterlist LPHS; koordinat tidak disediakan,SRC-LPHS-RSKU-Q1-2025,2025-Q1,Masterlist LPHS Q1 2025 dibekalkan pengguna; rekod diekstrak terus daripada jadual sumber,2025-Q1,LPHS baseline,31,"Di Atas PT 2802 HS(D) 75285, Mukim Rawang, Daerah Gombak",,
LPHS25-U-032,Rumah Selangorku,Pangsapuri Amansiara,Pangsapuri Amansiara,Gombak,MPS,Rawang,Touchstone Development Sdn. Bhd.,,,1308,,,Dalam Pembinaan,,,,,,lokasi/lot daripada masterlist LPHS; koordinat tidak disediakan,SRC-LPHS-RSKU-Q1-2025,2025-Q1,Masterlist LPHS Q1 2025 dibekalkan pengguna; rekod diekstrak terus daripada jadual sumber,2025-Q1,LPHS baseline,32,"Di Atas Hakmilik HSD 56341 Hingga HSD 56359 PT 31634 Hingga PT 31652, Mukim Rawang, Daerah Gombak.",,
LPHS25-U-033,Rumah Selangorku,Mori Residences,Mori Residences,Gombak,MPS,Rawang,Scientex Park (M) Sdn. Bhd.,,,96,,,Dalam Pembinaan,,,,,,lokasi/lot daripada masterlist LPHS; koordinat tidak disediakan,SRC-LPHS-RSKU-Q1-2025,2025-Q1,Masterlist LPHS Q1 2025 dibekalkan pengguna; rekod diekstrak terus daripada jadual sumber,2025-Q1,LPHS baseline,33,"Di Atas Hakmilik HSD 91696 PT 50882 Dan HSD 91698 PT 50884, Mukim Rawang, Daerah Gombak",,
LPHS25-U-034,Rumah Selangorku,Idaman Sari,Idaman Sari,Sepang,MPSp,Dengkil,Konsortium PNSB Contruction (sebelum ini Abadi Man Nien Sdn. Bhd.) Idaman Aktif Sdn. Bhd.,,,513,,,Dalam Pembinaan,,,,,,lokasi/lot daripada masterlist LPHS; koordinat tidak disediakan,SRC-LPHS-RSKU-Q1-2025,2025-Q1,Masterlist LPHS Q1 2025 dibekalkan pengguna; rekod diekstrak terus daripada jadual sumber,2025-Q1,LPHS baseline,34,"Di Atas Lot PT 49908, PT 49907 Dan Lot 9285 Abadi Heights, Mukim Dengkil, Daerah Sepang IDAMAN SARI",,
LPHS25-U-035,Rumah Selangorku,Idaman Salak Perdana,Idaman Salak Perdana,Sepang,MPSp,Dengkil,Konsortium PNSB Construction (Paramount Property (Sepang) Sdn. Bhd.),,,1076,,,Dalam Pembinaan,,,,,,lokasi/lot daripada masterlist LPHS; koordinat tidak disediakan,SRC-LPHS-RSKU-Q1-2025,2025-Q1,Masterlist LPHS Q1 2025 dibekalkan pengguna; rekod diekstrak terus daripada jadual sumber,2025-Q1,LPHS baseline,35,"Ke Atas Hakmilik GRN 162633 Lot 17182 Di Mukim Dengkil, Daerah Sepang (Greenwoods Salak Perdana)",,
LPHS25-U-036,Rumah Selangorku,Putra Idaman,Putra Idaman,Sepang,MPSp,Dengkil,Konsortium PNSB Construction (OIB) (Pesaka Saujana (M) Sdn. Bhd. d/a Porpoise Resources Sdn. Bhd.),,,502,,,Dalam Pembinaan,,,,,,lokasi/lot daripada masterlist LPHS; koordinat tidak disediakan,SRC-LPHS-RSKU-Q1-2025,2025-Q1,Masterlist LPHS Q1 2025 dibekalkan pengguna; rekod diekstrak terus daripada jadual sumber,2025-Q1,LPHS baseline,36,"Di Atas Hakmilik PM 5444 Lot 38767 di Mukim Dengkil, Daerah Sepang (Desa Pinggiran Putra)",,
LPHS25-U-037,Rumah Selangorku,Salak Mercu,Salak Mercu,Sepang,MPSp,Labu,Grinterra Sdn. Bhd. & Intra Technic Sdn. Bhd. (Sentoria),,,130,,,Dalam Pembinaan,,,,,,lokasi/lot daripada masterlist LPHS; koordinat tidak disediakan,SRC-LPHS-RSKU-Q1-2025,2025-Q1,Masterlist LPHS Q1 2025 dibekalkan pengguna; rekod diekstrak terus daripada jadual sumber,2025-Q1,LPHS baseline,37,"Di Atas Lot 5241, Tanah Simpanan Melayu, Kampung Salak, Mukim Labu, Daerah Sepang.",,
LPHS25-U-038,Rumah Selangorku,Idaman Melur,Idaman Melur,Sepang,MPSp,Dengkil,Konsortium PNSB Constuction Idaman Living Sdn. Bhd. Dahulunya Eco Green City Sdn. Bhd. (Cybersouth MCT) (FASA 1A),,,1448,,,Dalam Pembinaan,,,,,,lokasi/lot daripada masterlist LPHS; koordinat tidak disediakan,SRC-LPHS-RSKU-Q1-2025,2025-Q1,Masterlist LPHS Q1 2025 dibekalkan pengguna; rekod diekstrak terus daripada jadual sumber,2025-Q1,LPHS baseline,38,"Di Atas Sebahagian Lot 104163, Mukim Dengkil. Daerah Sepang (IDAMAN MELUR)",,
LPHS25-U-039,Rumah Selangorku,Pangsapuri Indah,Pangsapuri Indah,Sepang,MPSp,Labu,Salak Villa Development Sdn. Bhd. (Hartawan Park),,,296,,,Dalam Pembinaan,,,,,,lokasi/lot daripada masterlist LPHS; koordinat tidak disediakan,SRC-LPHS-RSKU-Q1-2025,2025-Q1,Masterlist LPHS Q1 2025 dibekalkan pengguna; rekod diekstrak terus daripada jadual sumber,2025-Q1,LPHS baseline,39,"Di Atas Lot 1204 (H.S.(M)1116), Dan Lot 3386 (PM 499) Tanah Simpanan Melayu, Mukim Labu, Daerah Sepang,",,
LPHS25-U-040,Rumah Selangorku,Serenia Amalia 5,Serenia Amalia 5,Sepang,MPSp,,Sime Darby Property Berhad (Serenia City),,,68,,,Dalam Pembinaan,,,,,,lokasi/lot daripada masterlist LPHS; koordinat tidak disediakan,SRC-LPHS-RSKU-Q1-2025,2025-Q1,Masterlist LPHS Q1 2025 dibekalkan pengguna; district_derived_from_pbt,2025-Q1,LPHS baseline,40,"Di Atas Lot 115639 dan lot 115680, Bandar Serenia, Mukim Dengkil (Plot 1)",,
LPHS25-U-041,Rumah Selangorku,Taman Jenderam Damai,Taman Jenderam Damai,Sepang,MPSp,Dengkil,De One Development Sdn. Bhd.,,,68,,,Dalam Pembinaan,,,,,,lokasi/lot daripada masterlist LPHS; koordinat tidak disediakan,SRC-LPHS-RSKU-Q1-2025,2025-Q1,Masterlist LPHS Q1 2025 dibekalkan pengguna; rekod diekstrak terus daripada jadual sumber,2025-Q1,LPHS baseline,41,"Di Atas Hakmilik HSM 22817 PT 50684 Dan HSM 22818 PT 50685, Mukim Dengkil, Daerah Sepang.",,
LPHS25-U-042,Rumah Selangorku,Residensi Iris,Residensi Iris,Sepang,MPSp,,Oasis Garden Development Sdn. Bhd. (Mahsing),,,178,,,Dalam Pembinaan,,,,,,lokasi/lot daripada masterlist LPHS; koordinat tidak disediakan,SRC-LPHS-RSKU-Q1-2025,2025-Q1,Masterlist LPHS Q1 2025 dibekalkan pengguna; rekod diekstrak terus daripada jadual sumber,2025-Q1,LPHS baseline,42,"Di Atas Hakmilik HSD 56135 PT 4792, Bandar Baru Salak Tinggi, Daerah Sepang",,
LPHS25-U-043,Rumah Selangorku,Morib Anggun,Morib Anggun,Kuala Langat,MPKL,Morib,Sentoria Harta Sdn. Bhd. Dan Seriemas Development Sdn. Bhd. (Fasa 2),,,315,,,Dalam Pembinaan,,,,,,lokasi/lot daripada masterlist LPHS; koordinat tidak disediakan,SRC-LPHS-RSKU-Q1-2025,2025-Q1,Masterlist LPHS Q1 2025 dibekalkan pengguna; rekod diekstrak terus daripada jadual sumber,2025-Q1,LPHS baseline,43,"Di Atas Plot L (Sebahagian Lot PT 1131, Mukim Morib, Daerah Kuala Langat.",,
LPHS25-U-044,Rumah Selangorku,RSKU Orkid,RSKU Orkid,Kuala Langat,MPKL,Morib,Sentoria Harta Sdn. Bhd. Dan Seriemas Development Sdn. Bhd.,,,150,,,Dalam Pembinaan,,,,,,lokasi/lot daripada masterlist LPHS; koordinat tidak disediakan,SRC-LPHS-RSKU-Q1-2025,2025-Q1,Masterlist LPHS Q1 2025 dibekalkan pengguna; rekod diekstrak terus daripada jadual sumber,2025-Q1,LPHS baseline,44,"Di Atas Plot N (Sebahagian Lot PT 1131, Mukim Morib, Daerah Kuala Langat.",,
LPHS25-U-045,Rumah Selangorku,Taman Jugra Cemerlang,Taman Jugra Cemerlang,Kuala Langat,MPKL,Bandar,Melati Gemas Sdn. Bhd.,,,15,,,Dalam Pembinaan,,,,,,lokasi/lot daripada masterlist LPHS; koordinat tidak disediakan,SRC-LPHS-RSKU-Q1-2025,2025-Q1,Masterlist LPHS Q1 2025 dibekalkan pengguna; rekod diekstrak terus daripada jadual sumber,2025-Q1,LPHS baseline,45,"Di Atas Lot 452 Dan Lot 453 Mukim Bandar, Daerah Kuala Langat, Selangor Darul Ehsan",,
LPHS25-U-046,Rumah Selangorku,RSKU D’Mahkota,RSKU D’Mahkota,Kuala Langat,MPKL,Tanjong Dua Belas,Ace Dynamite Sdn. Bhd. (Tuan Tanah: Intensive Resources Sdn. Bhd.),,,110,,,Dalam Pembinaan,,,,,,lokasi/lot daripada masterlist LPHS; koordinat tidak disediakan,SRC-LPHS-RSKU-Q1-2025,2025-Q1,Masterlist LPHS Q1 2025 dibekalkan pengguna; rekod diekstrak terus daripada jadual sumber,2025-Q1,LPHS baseline,46,"Di Atas Hakmilik GRN 184548 Hingga GRN 184980 Lot 29215 Hingga Lot 29259, GRN 184991 Hingga GRN 185102 Lot 29270 Hingga Lot 29280, GRN 185123 Hingga GRN 185133 Lot 29301 Hingga Lot 29311 Dan GRN 185154 Hingga GRN 186077 Lot 29332 Hingga Lot 29374, Bandar Mahkota, Mukim Tanjong Dua Belas, Daerah Kuala Langat, Selangor Darul Ehsan.",,
LPHS25-U-047,Rumah Selangorku,Laman Aspirasi,Laman Aspirasi,Kuala Langat,MPKL,,PNB Development Sdn. Berhad (FASA 1 A),,,285,,,Dalam Pembinaan,,,,,,lokasi/lot daripada masterlist LPHS; koordinat tidak disediakan,SRC-LPHS-RSKU-Q1-2025,2025-Q1,Masterlist LPHS Q1 2025 dibekalkan pengguna; rekod diekstrak terus daripada jadual sumber,2025-Q1,LPHS baseline,47,"Di Atas Lot 15054 - Lot 15063, Lot 15065 - Lot 15067, Lot 15070 - Lot 15072, Lot 15074 - Lot 15092, Lot 15096 - Lot 15097, Lot 15100 - Lot 15101, Lot 15108 - Lot 15121, Lot 15131 - Lot 15137 & Tanah Kerajaan, Pekan Telok Datok, Daerah Kuala Langat. (Fasa 1)",,
LPHS25-U-048,Rumah Selangorku,Laman Aspirasi,Laman Aspirasi,Kuala Langat,MPKL,,PNB Development Sdn. Berhad (FASA 1 B),,,359,,,Dalam Pembinaan,,,,,,lokasi/lot daripada masterlist LPHS; koordinat tidak disediakan,SRC-LPHS-RSKU-Q1-2025,2025-Q1,Masterlist LPHS Q1 2025 dibekalkan pengguna; rekod diekstrak terus daripada jadual sumber,2025-Q1,LPHS baseline,48,"Di Atas Lot 15054 - Lot 15063, Lot 15065 - Lot 15067, Lot 15070 - Lot 15072, Lot 15074 - Lot 15092, Lot 15096 - Lot 15097, Lot 15100 - Lot 15101, Lot 15108 - Lot 15121, Lot 15131 - Lot 15137 & Tanah Kerajaan, Pekan Telok Datok, Daerah Kuala Langat. (Fasa 1)",,
LPHS25-U-049,Rumah Selangorku,RSKU Aquila,RSKU Aquila,Kuala Selangor,MPKS,Ijok,Landasan Harta Sdn. Bhd (Perfect Eagle Development Sdn. Bhd.),,,76,,,Dalam Pembinaan,,,,,,lokasi/lot daripada masterlist LPHS; koordinat tidak disediakan,SRC-LPHS-RSKU-Q1-2025,2025-Q1,Masterlist LPHS Q1 2025 dibekalkan pengguna; rekod diekstrak terus daripada jadual sumber,2025-Q1,LPHS baseline,49,"HS(D) 23278 PT 21746 dan HS(D) 23277 PT 21745 Mukim Ijok, Daerah Kuala Selangor.",,
LPHS25-U-050,Rumah Selangorku,Taman Laman Permai,Taman Laman Permai,Kuala Selangor,MPKS,Ijok,"Sejati Inti Sdn. Bhd. (pemaju baru), 1st Mals Development (M) Sdn. Bhd. (pemaju lama) - (Pemegang suratkuasa wakil kepada Tan Ah Ngow)",,,65,,,Dalam Pembinaan,,,,,,lokasi/lot daripada masterlist LPHS; koordinat tidak disediakan,SRC-LPHS-RSKU-Q1-2025,2025-Q1,Masterlist LPHS Q1 2025 dibekalkan pengguna; rekod diekstrak terus daripada jadual sumber,2025-Q1,LPHS baseline,50,"HS(D) 23278 PT 21746 dan HS(D) 23277 PT 21745 Mukim Ijok, Daerah Kuala Selangor.",,
LPHS25-U-051,Rumah Selangorku,RSKU – Puncak Bestari,RSKU – Puncak Bestari,Kuala Selangor,MPKS,Ijok,Worldwide Holding Berhad,,,35,,,Dalam Pembinaan,,,,,,lokasi/lot daripada masterlist LPHS; koordinat tidak disediakan,SRC-LPHS-RSKU-Q1-2025,2025-Q1,Masterlist LPHS Q1 2025 dibekalkan pengguna; rekod diekstrak terus daripada jadual sumber,2025-Q1,LPHS baseline,51,"Di Atas Hakmilik HS(D) 280232 PT 28766, Persiaran Puncak Bestari 1, Mukim Ijok, Daerah Kuala Selangor.",,
LPHS25-U-052,Rumah Selangorku,Idaman Perdana,Idaman Perdana,Kuala Selangor,MPKS,Ijok,Kemudi Ehsan Sdn. Bhd. (Konsortium PNSB Construction),,,1258,,,Dalam Pembinaan,,,,,,lokasi/lot daripada masterlist LPHS; koordinat tidak disediakan,SRC-LPHS-RSKU-Q1-2025,2025-Q1,Masterlist LPHS Q1 2025 dibekalkan pengguna; rekod diekstrak terus daripada jadual sumber,2025-Q1,LPHS baseline,52,"Di Atas Sebahagian Lot 44928, Bandar Alam Perdana, Mukim Ijok, Daerah Kuala Selangor. (Alam Perdana)",,
LPHS25-U-053,Rumah Selangorku,Taman Sungai Yu Indah,Taman Sungai Yu Indah,Kuala Selangor,MPKS,Hujung Permatang,Serambi Padu Sdn. Bhd. (Fasa 2),,,120,,,Dalam Pembinaan,,,,,,lokasi/lot daripada masterlist LPHS; koordinat tidak disediakan,SRC-LPHS-RSKU-Q1-2025,2025-Q1,Masterlist LPHS Q1 2025 dibekalkan pengguna; rekod diekstrak terus daripada jadual sumber,2025-Q1,LPHS baseline,53,"Mukim Hujung Permatang, Daerah Kuala Selangor. (Fasa 2)",,
LPHS25-U-054,Rumah Selangorku,Taman Sungai Yu Indah,Taman Sungai Yu Indah,Kuala Selangor,MPKS,Hujung Permatang,Serambi Padu Sdn. Bhd. (Fasa 3A),,,152,,,Dalam Pembinaan,,,,,,lokasi/lot daripada masterlist LPHS; koordinat tidak disediakan,SRC-LPHS-RSKU-Q1-2025,2025-Q1,Masterlist LPHS Q1 2025 dibekalkan pengguna; rekod diekstrak terus daripada jadual sumber,2025-Q1,LPHS baseline,54,"Mukim Hujung Permatang, Daerah Kuala Selangor. (Fasa 3A)",,
LPHS25-U-055,Rumah Selangorku,Taman Sungai Yu Indah,Taman Sungai Yu Indah,Kuala Selangor,MPKS,Hujung Permatang,Serambi Padu Sdn. Bhd. (Fasa 3B),,,120,,,Dalam Pembinaan,,,,,,lokasi/lot daripada masterlist LPHS; koordinat tidak disediakan,SRC-LPHS-RSKU-Q1-2025,2025-Q1,Masterlist LPHS Q1 2025 dibekalkan pengguna; rekod diekstrak terus daripada jadual sumber,2025-Q1,LPHS baseline,55,"Mukim Hujung Permatang, Daerah Kuala Selangor. (Fasa 3B)",,
LPHS25-U-056,Rumah Selangorku,Aster,Aster,Hulu Selangor,MPHS,Serendah,Medan Prestasi Sdn. Bhd. (Fasa 3A),,,101,,,Dalam Pembinaan,,,,,,lokasi/lot daripada masterlist LPHS; koordinat tidak disediakan,SRC-LPHS-RSKU-Q1-2025,2025-Q1,Masterlist LPHS Q1 2025 dibekalkan pengguna; rekod diekstrak terus daripada jadual sumber,2025-Q1,LPHS baseline,56,"Ke Atas PT 12034, PT12035, PT12036, PT 12037, PT 12038, PT 12039, PT 12040, PT 12041 Dan PT 13777, Taman Bunga Raya, Mukim Serendah, Daerah Hulu Selangor.",,
LPHS25-U-057,Rumah Selangorku,Aster,Aster,Hulu Selangor,MPHS,Serendah,Medan Prestasi Sdn. Bhd. (Fasa 3B),,,114,,,Dalam Pembinaan,,,,,,lokasi/lot daripada masterlist LPHS; koordinat tidak disediakan,SRC-LPHS-RSKU-Q1-2025,2025-Q1,Masterlist LPHS Q1 2025 dibekalkan pengguna; rekod diekstrak terus daripada jadual sumber,2025-Q1,LPHS baseline,57,"Ke Atas PT 12034, PT12035, PT12036, PT 12037, PT 12038, PT 12039, PT 12040, PT 12041 Dan PT 13777, Taman Bunga Raya, Mukim Serendah, Daerah Hulu Selangor.",,
LPHS25-U-058,Rumah Selangorku,Ion Berlian Garden,Ion Berlian Garden,Hulu Selangor,MPHS,Batang Kali,NCT Platinum Sdn. Bhd.,,,149,,,Dalam Pembinaan,,,,,,lokasi/lot daripada masterlist LPHS; koordinat tidak disediakan,SRC-LPHS-RSKU-Q1-2025,2025-Q1,Masterlist LPHS Q1 2025 dibekalkan pengguna; rekod diekstrak terus daripada jadual sumber,2025-Q1,LPHS baseline,58,"Di Atas GRN 40535 Sebahagian Lot 2527 Dan Lot 2528, Mukim Batang Kali, Daerah Hulu Selangor.",,
LPHS25-U-059,Rumah Selangorku,Taman Air Manis,Taman Air Manis,Sabak Bernam,MDSB,Pancang Bedena,Menteri Besar Incorporated (MBI) / Permodalan Negeri Selangor Berhad (PNSB) Fasa 1,,,54,,,Dalam Pembinaan,,,,,,lokasi/lot daripada masterlist LPHS; koordinat tidak disediakan,SRC-LPHS-RSKU-Q1-2025,2025-Q1,Masterlist LPHS Q1 2025 dibekalkan pengguna; normalized_column_shift_location_developer,2025-Q1,LPHS baseline,59,"Lot 37343, PN 111691 (PT 8228, HSD 4602) Mukim Pancang Bedena, Daerah Sabak Bernam (Taman Air Manis)",,
LPHS25-U-060,Rumah Selangorku,Taman Air Manis,Taman Air Manis,Sabak Bernam,MDSB,Pancang Bedena,Menteri Besar Incorporated (MBI) / Permodalan Negeri Selangor Berhad (PNSB) Fasa 3,,,67,,,Dalam Pembinaan,,,,,,lokasi/lot daripada masterlist LPHS; koordinat tidak disediakan,SRC-LPHS-RSKU-Q1-2025,2025-Q1,Masterlist LPHS Q1 2025 dibekalkan pengguna; normalized_column_shift_location_developer,2025-Q1,LPHS baseline,60,"Lot 37343, PN 111691 (PT 8228, HSD 4602) Mukim Pancang Bedena, Daerah Sabak Bernam (Taman Air Manis)",,
LPHS25-P-001,Rumah Selangorku,,Projek Perancangan MBSA 001,Petaling,MBSA,Sungai Buloh,PPC Glomac Sdn. Bhd.,,,453,,,Dalam Perancangan,,,,,,lokasi/lot daripada masterlist LPHS; koordinat tidak disediakan,SRC-LPHS-RSKU-Q1-2025,2025-Q1,Masterlist LPHS Q1 2025 dibekalkan pengguna; project_name_not_provided_in_source,2025-Q1,LPHS baseline,1,"Di Atas Sebahagian Lot HSD 287733 PT 49018 & HSD 285922 PT 48447 Aman Putri, Seksyen U17, Shah Alam, Mukim Sungai Buloh, Daerah Petaling.",,
LPHS25-P-002,Rumah Selangorku,,Projek Perancangan MBSA 002,Petaling,MBSA,Bukit Raja,SJ Properties Sdn. Bhd. (Konsortium PNSB Construction),,,1572,,,Dalam Perancangan,,,,,,lokasi/lot daripada masterlist LPHS; koordinat tidak disediakan,SRC-LPHS-RSKU-Q1-2025,2025-Q1,Masterlist LPHS Q1 2025 dibekalkan pengguna; project_name_not_provided_in_source,2025-Q1,LPHS baseline,2,"Hakmilik HS(D) 260939 PT 24502, HS(D) 260940 PT24503 Dan HS(D) 260941 PT 24504, Mukim Bukit Raja, Daerah Petaling. (Cahaya SPK)",,
LPHS25-P-003,Rumah Selangorku,,Projek Perancangan MBSA 003,Petaling,MBSA,Sungai Buloh,Johawaki Development Sdn. Bhd.,,,120,,,Dalam Perancangan,,,,,,lokasi/lot daripada masterlist LPHS; koordinat tidak disediakan,SRC-LPHS-RSKU-Q1-2025,2025-Q1,Masterlist LPHS Q1 2025 dibekalkan pengguna; project_name_not_provided_in_source,2025-Q1,LPHS baseline,3,"Hakmilik HSD 238195 PT 46907 dan HSD 259774 PT 47290 Saujana Permai, Seksyen U17 Shah Alam, Di Mukim Sungai Buloh, Daerah Petaling.",,
LPHS25-P-004,Rumah Selangorku,,Projek Perancangan MBSA 004,Petaling,MBSA,Sungai Buloh,Famemont Development Sdn. Bhd.,,,90,,,Dalam Perancangan,,,,,,lokasi/lot daripada masterlist LPHS; koordinat tidak disediakan,SRC-LPHS-RSKU-Q1-2025,2025-Q1,Masterlist LPHS Q1 2025 dibekalkan pengguna; project_name_not_provided_in_source,2025-Q1,LPHS baseline,4,"Hakmilik HSM 725 Lot 3622 Mukim Sungai Buloh, Daerah Petaling.",,
LPHS25-P-005,Rumah Selangorku,,Projek Perancangan MBSA 005,Petaling,MBSA,Bukit Raja,Perbadanan Kemajuan Negeri Selangor (PKNS) (U10),,,46,,,Dalam Perancangan,,,,,,lokasi/lot daripada masterlist LPHS; koordinat tidak disediakan,SRC-LPHS-RSKU-Q1-2025,2025-Q1,Masterlist LPHS Q1 2025 dibekalkan pengguna; project_name_not_provided_in_source,2025-Q1,LPHS baseline,5,"Di Taman Bukit Impian Seksyen U10 Shah Alam, Mukim Bukit Raja, Daerah Petaling.",,
LPHS25-P-006,Rumah Selangorku,,Projek Perancangan MBSA 006,Petaling,MBSA,,Horsedale Development Berhad,,,332,,,Dalam Perancangan,,,,,,lokasi/lot daripada masterlist LPHS; koordinat tidak disediakan,SRC-LPHS-RSKU-Q1-2025,2025-Q1,Masterlist LPHS Q1 2025 dibekalkan pengguna; project_name_not_provided_in_source,2025-Q1,LPHS baseline,6,"Hakmilik HSD 277921 PT 2447, Bandar Glenmarie, Daerah Petaling.",,
LPHS25-P-007,Rumah Selangorku,,Projek Perancangan MBSA 007,Petaling,MBSA,Bukit Raja,Paksi Gagah Sdn. Bhd. (Lebar Daun),,,550,,,Dalam Perancangan,,,,,,lokasi/lot daripada masterlist LPHS; koordinat tidak disediakan,SRC-LPHS-RSKU-Q1-2025,2025-Q1,Masterlist LPHS Q1 2025 dibekalkan pengguna; project_name_not_provided_in_source,2025-Q1,LPHS baseline,7,"Di Atas Lot PT 3227, HS(D) 291456, Di No 4, Jalan Setiawawasan U13/34, Precint 10, Seksyen U13, Shah Alam, Mukim Bukit Raja, Daerah Petaling.",,
LPHS25-P-008,Rumah Selangorku,,Projek Perancangan MBSA 008,Klang,MBSA,Klang,Pakar Angsana Sdn. Bhd.,,,754,,,Dalam Perancangan,,,,,,lokasi/lot daripada masterlist LPHS; koordinat tidak disediakan,SRC-LPHS-RSKU-Q1-2025,2025-Q1,Masterlist LPHS Q1 2025 dibekalkan pengguna; project_name_not_provided_in_source,2025-Q1,LPHS baseline,8,"Di Atas Lot PT 57329, PT 57330, PT 57331 Dan PT 57332 (Lot Asal 49087) Seksyen 32, Shah Alam, Mukim Klang, Daerah Klang.",,
LPHS25-P-009,Rumah Selangorku,,Projek Perancangan MBSA 009,Klang,MBSA,Klang,Pakar Angsana Sdn. Bhd.,,,414,,,Dalam Perancangan,,,,,,lokasi/lot daripada masterlist LPHS; koordinat tidak disediakan,SRC-LPHS-RSKU-Q1-2025,2025-Q1,Masterlist LPHS Q1 2025 dibekalkan pengguna; project_name_not_provided_in_source,2025-Q1,LPHS baseline,9,"Di Atas Hakmilik GRN 205519 Lot 106987 Seksyen 32, Shah Alam, Mukim Klang, Daerah Klang",,
LPHS25-P-010,Rumah Selangorku,,Projek Perancangan MBSA 010,Petaling,MBSA,Sungai Buloh,Sohock Sdn. Bhd.,,,220,,,Dalam Perancangan,,,,,,lokasi/lot daripada masterlist LPHS; koordinat tidak disediakan,SRC-LPHS-RSKU-Q1-2025,2025-Q1,Masterlist LPHS Q1 2025 dibekalkan pengguna; project_name_not_provided_in_source,2025-Q1,LPHS baseline,10,"Di Atas Hakmilik PT 45098 HS(D)191770 Dan PT 37771 HS(M) 10778, Seksyen U5, Shah Alam, Mukim Sungai Buloh, Daerah Petaling.",,
LPHS25-P-011,Rumah Selangorku,,Projek Perancangan MBSA 011,Petaling,MBSA,Sungai Buloh,ECL Management Sdn. Bhd.,,,566,,,Dalam Perancangan,,,,,,lokasi/lot daripada masterlist LPHS; koordinat tidak disediakan,SRC-LPHS-RSKU-Q1-2025,2025-Q1,Masterlist LPHS Q1 2025 dibekalkan pengguna; project_name_not_provided_in_source,2025-Q1,LPHS baseline,11,"Di Atas Hakmilik PT 35194, Bandar Pinggiran Subang, Seksyen U5, Mukim Sungai Buloh, Daerah Petaling.",,
LPHS25-P-012,Rumah Selangorku,,Projek Perancangan MBSA 012,Klang,MBSA,Klang,Jiwa Property Sdn. Bhd.,,,206,,,Dalam Perancangan,,,,,,lokasi/lot daripada masterlist LPHS; koordinat tidak disediakan,SRC-LPHS-RSKU-Q1-2025,2025-Q1,Masterlist LPHS Q1 2025 dibekalkan pengguna; project_name_not_provided_in_source,2025-Q1,LPHS baseline,12,"Ke Atas Hakmilik PM 8311, Lot 144306 Dan PM 8312, Lot 144307, Di Taman Alam Indah, Seksyen 33, Shah Alam, Mukim Klang, Daerah Klang.",,
LPHS25-P-013,Rumah Selangorku,,Projek Perancangan MBSA 013,Petaling,MBSA,Bukit Raja,BHL Land Sdn. Bhd. (Stack Builder Sdn. Bhd.),,,1085,,,Dalam Perancangan,,,,,,lokasi/lot daripada masterlist LPHS; koordinat tidak disediakan,SRC-LPHS-RSKU-Q1-2025,2025-Q1,Masterlist LPHS Q1 2025 dibekalkan pengguna; project_name_not_provided_in_source,2025-Q1,LPHS baseline,13,"Di Atas Hakmilik PN 114156 Lot 96079, Mukim Bukit Raja, Daerah Petaling. (Fasa 2)",,
LPHS25-P-014,Rumah Selangorku,,Projek Perancangan MBSA 014,Petaling,MBSA,Bukit Raja,BHL Land Sdn. Bhd. (Stack Builder Sdn. Bhd.),,,844,,,Dalam Perancangan,,,,,,lokasi/lot daripada masterlist LPHS; koordinat tidak disediakan,SRC-LPHS-RSKU-Q1-2025,2025-Q1,Masterlist LPHS Q1 2025 dibekalkan pengguna; project_name_not_provided_in_source,2025-Q1,LPHS baseline,14,"Di Atas Hakmilik PN 114156 Lot 96079, Mukim Bukit Raja, Daerah Petaling. (Fasa 3)",,
LPHS25-P-015,Rumah Selangorku,,Projek Perancangan MBSA 015,Klang,MBSA,Klang,Emaskiri Sdn. Bhd.,,,240,,,Dalam Perancangan,,,,,,lokasi/lot daripada masterlist LPHS; koordinat tidak disediakan,SRC-LPHS-RSKU-Q1-2025,2025-Q1,Masterlist LPHS Q1 2025 dibekalkan pengguna; project_name_not_provided_in_source,2025-Q1,LPHS baseline,15,"Di Atas Hakmilik PN 118602 Lot 92471 (Lot Asal 81994), Persiaran Perusahaan, Seksyen 23 Shah Alam, Mukim Klang, Daerah Klang.",,
LPHS25-P-016,Rumah Selangorku,,Projek Perancangan MBSA 016,Petaling,MBSA,Bukit Raja,Konsortium PNSB Construction ( Idaman Kukuh Sdn. Bhd.) sebelum ini Must Ehsan Development Sdn. Bhd. (Perbadanan Kemajuan Negeri Selangor - PKNS)(U12),,,413,,,Dalam Perancangan,,,,,,lokasi/lot daripada masterlist LPHS; koordinat tidak disediakan,SRC-LPHS-RSKU-Q1-2025,2025-Q1,Masterlist LPHS Q1 2025 dibekalkan pengguna; project_name_not_provided_in_source,2025-Q1,LPHS baseline,16,"Di Atas Hakmilik PN81867 Lot 4006, PN81869 Lot 4010 Dan PN83453 Lot 5530 Di Taman Cahaya Alam, Seksyen U12 Shah Alam, Mukim Bukit Raja, Daerah Petaling. IDAMAN CAHAYA 3",,
LPHS25-P-017,Rumah Selangorku,,Projek Perancangan MBSA 017,Petaling,MBSA,Bukit Raja,Bandar Setia Alam Sdn. Bhd. (SP Setia Berhad),,,1716,,,Dalam Perancangan,,,,,,lokasi/lot daripada masterlist LPHS; koordinat tidak disediakan,SRC-LPHS-RSKU-Q1-2025,2025-Q1,Masterlist LPHS Q1 2025 dibekalkan pengguna; project_name_not_provided_in_source,2025-Q1,LPHS baseline,17,"Di Atas Hakmilik HSD 324209 PT 40810 Mukim Bukit Raja, Daerah Petaling.",,
LPHS25-P-018,Rumah Selangorku,,Projek Perancangan MBSA 018,Petaling,MBSA,Bukit Raja,Bandar Setia Alam Sdn. Bhd. (SP Setia Berhad),,,864,,,Dalam Perancangan,,,,,,lokasi/lot daripada masterlist LPHS; koordinat tidak disediakan,SRC-LPHS-RSKU-Q1-2025,2025-Q1,Masterlist LPHS Q1 2025 dibekalkan pengguna; project_name_not_provided_in_source,2025-Q1,LPHS baseline,18,"Di Atas Hakmilik HSD 303259 PT 36171, Mukim Bukit Raja, Daerah Petaling.",,
LPHS25-P-019,Rumah Selangorku,,Projek Perancangan MBSA 019,Klang,MBSA,Klang,I & P Alam Impian Sdn. Bhd. (Trans Loyal Development Sdn. Bhd.),,,3806,,,Dalam Perancangan,,,,,,lokasi/lot daripada masterlist LPHS; koordinat tidak disediakan,SRC-LPHS-RSKU-Q1-2025,2025-Q1,Masterlist LPHS Q1 2025 dibekalkan pengguna; project_name_not_provided_in_source,2025-Q1,LPHS baseline,19,"Di Atas HSD 150406 PT 142901, HSD 150408 LOT 142904, HSD 150409 PT 142906, HSD 150411 PT 142910, HSD 150412 PT 142911 HSD 150414 PT 142917, HSD 153594 PT 146226 Dan HSD 153595 PT 146227, Alam Impian, Seksyen 35, Shah Alam, Mukim Klang, Daerah Klang.",,
LPHS25-P-020,Rumah Selangorku,,Projek Perancangan MBSA 020,Petaling,MBSA,Sungai Buloh,Unik Sejati Sdn. Bhd.,,,185,,,Dalam Perancangan,,,,,,lokasi/lot daripada masterlist LPHS; koordinat tidak disediakan,SRC-LPHS-RSKU-Q1-2025,2025-Q1,Masterlist LPHS Q1 2025 dibekalkan pengguna; project_name_not_provided_in_source,2025-Q1,LPHS baseline,20,"Di Atas GRN 321049 Lot 85634 (Sebahagian Lot 14645), Mukim Sungai Buloh, Daerah Petaling.",,
LPHS25-P-021,Rumah Selangorku,,Projek Perancangan MBSA 021,Petaling,MBSA,Sungai Buloh,Unik Sejati Sdn. Bhd.,,,66,,,Dalam Perancangan,,,,,,lokasi/lot daripada masterlist LPHS; koordinat tidak disediakan,SRC-LPHS-RSKU-Q1-2025,2025-Q1,Masterlist LPHS Q1 2025 dibekalkan pengguna; project_name_not_provided_in_source,2025-Q1,LPHS baseline,21,"Di Atas GRN 321049 Lot 85634 (Sebahagian Lot 14645), Mukim Sungai Buloh, Daerah Petaling.",,
LPHS25-P-022,Rumah Selangorku,,Projek Perancangan MBSA 022,Petaling,MBSA,Sungai Buloh,Menteri Besar Selangor Pemerbadanan (MBI),,,1482,,,Dalam Perancangan,,,,,,lokasi/lot daripada masterlist LPHS; koordinat tidak disediakan,SRC-LPHS-RSKU-Q1-2025,2025-Q1,Masterlist LPHS Q1 2025 dibekalkan pengguna; project_name_not_provided_in_source,2025-Q1,LPHS baseline,22,"Di Atas HSD 314896 PT 50816, Mukim Sungai Buloh, Daerah Petaling,",,
LPHS25-P-023,Rumah Selangorku,,Projek Perancangan MBSA 023,Klang,MBSA,Klang,Paramount Property Development Sdn. Bhd.,,,596,,,Dalam Perancangan,,,,,,lokasi/lot daripada masterlist LPHS; koordinat tidak disediakan,SRC-LPHS-RSKU-Q1-2025,2025-Q1,Masterlist LPHS Q1 2025 dibekalkan pengguna; project_name_not_provided_in_source,2025-Q1,LPHS baseline,23,"Di Atas Sebahagian Hakmilik Geran 330858 Lot 15850, Mukim Klang, Daerah Klang, Selangor Darul Ehsan.",,
LPHS25-P-024,Rumah Selangorku,,Projek Perancangan MBSA 024,Petaling,MBSA,Bukit Raja,Menteri Besar Selangor Pemerbadanan (MBI) - Jejak Rimbun,,,5000,,,Dalam Perancangan,,,,,,lokasi/lot daripada masterlist LPHS; koordinat tidak disediakan,SRC-LPHS-RSKU-Q1-2025,2025-Q1,Masterlist LPHS Q1 2025 dibekalkan pengguna; project_name_not_provided_in_source,2025-Q1,LPHS baseline,24,"Di Atas Hakmilik PT 39626, Sekyen U10, Shah Alam, Mukim Bukit Raja, Daerah Petaling, Selangor Darul Ehsan.",,
LPHS25-P-025,Rumah Selangorku,,Projek Perancangan MBSA 025,Petaling,MBSA,Sungai Buloh,Konsortium PNSB Construction,,,3025,,,Dalam Perancangan,,,,,,lokasi/lot daripada masterlist LPHS; koordinat tidak disediakan,SRC-LPHS-RSKU-Q1-2025,2025-Q1,Masterlist LPHS Q1 2025 dibekalkan pengguna; project_name_not_provided_in_source,2025-Q1,LPHS baseline,25,"Di Atas Hakmilik GRN 335272 Lot 87230, GRN 335259 Lot 87233 Dan GRN 335305 Lot 87238 Mukim Sungai Buloh, Daerah Petaling, Selangor Darul Ehsan. (KWASA MBSA)",,
LPHS25-P-026,Rumah Selangorku,,Projek Perancangan MBSA 026,Petaling,MBSA,Sungai Buloh,Konsortium PNSB Construction,,,3138,,,Dalam Perancangan,,,,,,lokasi/lot daripada masterlist LPHS; koordinat tidak disediakan,SRC-LPHS-RSKU-Q1-2025,2025-Q1,Masterlist LPHS Q1 2025 dibekalkan pengguna; project_name_not_provided_in_source,2025-Q1,LPHS baseline,26,"Di Atas Hakmilik HS(D) 308786 PT 55372, HS(D) 308785 PT 53775 Dan HS(D) 310383 PT 53374, Mukim Sungai Buloh, Daerah Petaling, Selangor Darul Ehsan. (ELMINA)",,
LPHS25-P-027,Rumah Selangorku,,Projek Perancangan MBSA 027,Petaling,MBSA,Bukit Raja,Suntrack Development Sdn. Bhd.,,,660,,,Dalam Perancangan,,,,,,lokasi/lot daripada masterlist LPHS; koordinat tidak disediakan,SRC-LPHS-RSKU-Q1-2025,2025-Q1,Masterlist LPHS Q1 2025 dibekalkan pengguna; project_name_not_provided_in_source,2025-Q1,LPHS baseline,27,"Di Atas Hakmilik GRN 338263 Lot 98858, Seksyen U12, Mukim Bukit Raja, Daerah Petaling.",,
LPHS25-P-028,Rumah Selangorku,,Projek Perancangan MBSA 028,Klang,MBSA,Klang,Konsortium PNSB Construction (Paramount),,,929,,,Dalam Perancangan,,,,,,lokasi/lot daripada masterlist LPHS; koordinat tidak disediakan,SRC-LPHS-RSKU-Q1-2025,2025-Q1,Masterlist LPHS Q1 2025 dibekalkan pengguna; project_name_not_provided_in_source,2025-Q1,LPHS baseline,28,"Di Atas Hakmilik GRN 335419 Lot 182742, Mukim Klang, Daerah Klang (Kemuning Utama Parcel 1)",,
LPHS25-P-029,Rumah Selangorku,,Projek Perancangan MBSA 029,Petaling,MBSA,Bukit Raja,High 5 Delight Sdn. Bhd.,,,407,,,Dalam Perancangan,,,,,,lokasi/lot daripada masterlist LPHS; koordinat tidak disediakan,SRC-LPHS-RSKU-Q1-2025,2025-Q1,Masterlist LPHS Q1 2025 dibekalkan pengguna; project_name_not_provided_in_source,2025-Q1,LPHS baseline,29,"Di Atas Hakmilik Hsm 2687 PT 2991 Dan HSM 2688 PT 2992, Mukim Bukit Raja, Daerah Petaling",,
LPHS25-P-030,Rumah Selangorku,,Projek Perancangan MBSA 030,Petaling,MBSA,Bukit Raja,NPO Builders Sdn. Bhd.,,,1242,,,Dalam Perancangan,,,,,,lokasi/lot daripada masterlist LPHS; koordinat tidak disediakan,SRC-LPHS-RSKU-Q1-2025,2025-Q1,Masterlist LPHS Q1 2025 dibekalkan pengguna; project_name_not_provided_in_source,2025-Q1,LPHS baseline,30,"Di Atas Hakmilik GRN 314518 Sebahagian Lot 85722, Mukim Bukit Raja, Daerah Petaling.",,
LPHS25-P-031,Rumah Selangorku,,Projek Perancangan MBSA 031,Klang,MBSA,Klang,Dunia Lestari Sdn. Bhd.,,,960,,,Dalam Perancangan,,,,,,lokasi/lot daripada masterlist LPHS; koordinat tidak disediakan,SRC-LPHS-RSKU-Q1-2025,2025-Q1,Masterlist LPHS Q1 2025 dibekalkan pengguna; project_name_not_provided_in_source,2025-Q1,LPHS baseline,31,"Di Atas Hakmilik PN 115042 Lot 182957 Dan PN 115014, Lot 182958, Persiaran Anggerik Renantanda, Seksyen 31, Shah Alam, Mukim Klang, Daerah Klang.",,
LPHS25-P-032,Rumah Selangorku,,Projek Perancangan MBSA 032,Petaling,MBSA,Bukit Raja,Centralfields Sdn. Bhd.,,,1920,,,Dalam Perancangan,,,,,,lokasi/lot daripada masterlist LPHS; koordinat tidak disediakan,SRC-LPHS-RSKU-Q1-2025,2025-Q1,Masterlist LPHS Q1 2025 dibekalkan pengguna; project_name_not_provided_in_source,2025-Q1,LPHS baseline,32,"Di Atas Hakmilik HSD 288253 PT 30295, HSD 288254 PT 30296, HSD 289383 PT 17067 Dan HSD 289384 PT 17068, Nusa Rhu, Seksyen U10, Mukim Bukit Raja, Daerah Petaling",,
LPHS25-P-033,Rumah Selangorku,,Projek Perancangan MBSA 033,Petaling,MBSA,Bukit Raja,Splendid Forte Development Sdn. Bhd. Tuan Tanah : Perbadanan Kemajuan Negeri Selangor (PKNS),,,658,,,Dalam Perancangan,,,,,,lokasi/lot daripada masterlist LPHS; koordinat tidak disediakan,SRC-LPHS-RSKU-Q1-2025,2025-Q1,Masterlist LPHS Q1 2025 dibekalkan pengguna; project_name_not_provided_in_source,2025-Q1,LPHS baseline,33,"Di Atas Hakmilik PN 117682 Lot 96581, Mukim Bukit Raja, Daerah Petaling. (Siera Alam)",,
LPHS25-P-034,Rumah Selangorku,,Projek Perancangan MBSA 034,Petaling,MBSA,Bukit Raja,Perbadanan Kemajuan Negeri Selangor (PKNS) & Tanjong Wahyu Sdn. Bhd.,,,301,,,Dalam Perancangan,,,,,,lokasi/lot daripada masterlist LPHS; koordinat tidak disediakan,SRC-LPHS-RSKU-Q1-2025,2025-Q1,Masterlist LPHS Q1 2025 dibekalkan pengguna; project_name_not_provided_in_source,2025-Q1,LPHS baseline,34,"Di Atas Lot 96590, Lot 96591, Lot 96592, Lot 96593, Lot 96595, Lot 96596, Lot 96597 & Lot 96598, Persiaran Mokhtar Dahari, Mukim Bukit Raja, Daerah Petaling, Seksyen U10, Shah Alam",,
LPHS25-P-035,Rumah Selangorku,,Projek Perancangan MBSA 035,Petaling,MBSA,Bukit Raja,Splendid Forte Development Sdn. Bhd. Tuan Tanah : Perbadanan Kemajuan Negeri Selangor (PKNS),,,724,,,Dalam Perancangan,,,,,,lokasi/lot daripada masterlist LPHS; koordinat tidak disediakan,SRC-LPHS-RSKU-Q1-2025,2025-Q1,Masterlist LPHS Q1 2025 dibekalkan pengguna; project_name_not_provided_in_source,2025-Q1,LPHS baseline,35,"Di Atas Hakmilik PN 117682 Lot 96581, Mukim Bukit Raja, Daerah Petaling. (Siera Alam)",,
LPHS25-P-036,Rumah Selangorku,,Projek Perancangan MBSA 036,Petaling,MBSA,Sungai Buloh,Kelpile Geotechnics Sdn. Bhd.,,,720,,,Dalam Perancangan,,,,,,lokasi/lot daripada masterlist LPHS; koordinat tidak disediakan,SRC-LPHS-RSKU-Q1-2025,2025-Q1,Masterlist LPHS Q1 2025 dibekalkan pengguna; project_name_not_provided_in_source,2025-Q1,LPHS baseline,36,"Di Atas Hakmilik HSM 6556 Lot 3628, Seksyen U17, Kampung Merbau Sempak Indah, Mukim Sungai Buloh, Daerah Petaling.",,
LPHS25-P-037,Rumah Selangorku,,Projek Perancangan MBSA 037,Petaling,MBSA,Sungai Buloh,Saujana Permai Development Sdn. Bhd.,,,1066,,,Dalam Perancangan,,,,,,lokasi/lot daripada masterlist LPHS; koordinat tidak disediakan,SRC-LPHS-RSKU-Q1-2025,2025-Q1,Masterlist LPHS Q1 2025 dibekalkan pengguna; project_name_not_provided_in_source,2025-Q1,LPHS baseline,37,"Di Atas Hakmilik HSD 308787 PT 53776, Seksyen U17, Elmina West, Mukim Sungai Buloh, Daerah Petaling.",,
LPHS25-P-038,Rumah Selangorku,,Projek Perancangan MBSA 038,Petaling,MBSA,Sungai Buloh,Saujana Permai Development Sdn. Bhd.,,,1164,,,Dalam Perancangan,,,,,,lokasi/lot daripada masterlist LPHS; koordinat tidak disediakan,SRC-LPHS-RSKU-Q1-2025,2025-Q1,Masterlist LPHS Q1 2025 dibekalkan pengguna; project_name_not_provided_in_source,2025-Q1,LPHS baseline,38,"Di Atas Hakmilik HSD 308787 PT 53777, Seksyen U17, Elmina West, Mukim Sungai Buloh, Daerah Petaling.",,
LPHS25-P-039,Rumah Selangorku,,Projek Perancangan MBSA 039,Petaling,MBSA,Sungai Buloh,Kumpulan Hartanah Selangor Berhad (KHSB),,,1969,,,Dalam Perancangan,,,,,,lokasi/lot daripada masterlist LPHS; koordinat tidak disediakan,SRC-LPHS-RSKU-Q1-2025,2025-Q1,Masterlist LPHS Q1 2025 dibekalkan pengguna; project_name_not_provided_in_source,2025-Q1,LPHS baseline,39,"Di Atas Hakmilik HSD 287137 PT 50324, HSD 287144 PT 50331, HSD 287145 PT 50332, HSD 316332 PT 50880 & HSD316333 PT50881 Dan Sebahagian HSD 287134 PT 50321 Dan HSD 287135 PT 50322 Mukim Sungai Buloh, Daerah Petaling (Elmina East).",,
LPHS25-P-040,Rumah Selangorku,,Projek Perancangan MBSA 040,Klang,MBSA,Klang,Setia Gardens Development Sdn. Bhd.,,,10,,,Dalam Perancangan,,,,,,lokasi/lot daripada masterlist LPHS; koordinat tidak disediakan,SRC-LPHS-RSKU-Q1-2025,2025-Q1,Masterlist LPHS Q1 2025 dibekalkan pengguna; project_name_not_provided_in_source,2025-Q1,LPHS baseline,40,"Di Atas Hakmilik H.S.(M) 58262 Hingga H.S.(M) 58271 PT 151321 Hingga PT 151330, Seksyen 36, Shah Alam, Mukim Klang, Daerah Klang.",,
LPHS25-P-041,Rumah Selangorku,,Projek Perancangan MBSA 041,Klang,MBSA,Klang,Rukun Jaya Sdn. Bhd.,,,132,,,Dalam Perancangan,,,,,,lokasi/lot daripada masterlist LPHS; koordinat tidak disediakan,SRC-LPHS-RSKU-Q1-2025,2025-Q1,Masterlist LPHS Q1 2025 dibekalkan pengguna; project_name_not_provided_in_source,2025-Q1,LPHS baseline,41,"Di Atas Lot 1539 Dan Lot 97816, Jalan Sungai Kandis, Mukim Klang, Daerah Klang, Seksyen 36, Shah Alam.",,
LPHS25-P-042,Rumah Selangorku,,Projek Perancangan MBPJ 042,Petaling,MBPJ,,Country Wheels Sdn. Bhd.,,,436,,,Dalam Perancangan,,,,,,lokasi/lot daripada masterlist LPHS; koordinat tidak disediakan,SRC-LPHS-RSKU-Q1-2025,2025-Q1,Masterlist LPHS Q1 2025 dibekalkan pengguna; project_name_not_provided_in_source,2025-Q1,LPHS baseline,42,"Hakmilik HSD 261774 PT 11905 dan HSD 291591 PT 12614 Di Pekan Sungai Buloh, Daerah Petaling",,
LPHS25-P-043,Rumah Selangorku,,Projek Perancangan MBPJ 043,Petaling,MBPJ,Petaling,Masteron Sdn. Bhd.,,,458,,,Dalam Perancangan,,,,,,lokasi/lot daripada masterlist LPHS; koordinat tidak disediakan,SRC-LPHS-RSKU-Q1-2025,2025-Q1,Masterlist LPHS Q1 2025 dibekalkan pengguna; project_name_not_provided_in_source,2025-Q1,LPHS baseline,43,"Di Atas Sebahagian PT 9192, Jalan PJS 2, PJS 5, Mukim Petaling, Daerah Petaling",,
LPHS25-P-044,Rumah Selangorku,,Projek Perancangan MBPJ 044,Petaling,MBPJ,Bandar Petaling,Everest Pioneer Sdn. Bhd. Dan BH Builders Sdn. Bhd. (Plot 1),,,34,,,Dalam Perancangan,,,,,,lokasi/lot daripada masterlist LPHS; koordinat tidak disediakan,SRC-LPHS-RSKU-Q1-2025,2025-Q1,Masterlist LPHS Q1 2025 dibekalkan pengguna; project_name_not_provided_in_source,2025-Q1,LPHS baseline,44,"Di Atas Lot PT 12813, PJS 3, Taman Medan, Mukim Bandar Petaling, Daerah Petaling, Selangor Darul Ehsan.",,
LPHS25-P-045,Rumah Selangorku,,Projek Perancangan MBPJ 045,Petaling,MBPJ,Bandar Petaling,Everest Pioneer Sdn. Bhd. Dan BH Builders Sdn. Bhd. (Plot 2),,,414,,,Dalam Perancangan,,,,,,lokasi/lot daripada masterlist LPHS; koordinat tidak disediakan,SRC-LPHS-RSKU-Q1-2025,2025-Q1,Masterlist LPHS Q1 2025 dibekalkan pengguna; project_name_not_provided_in_source,2025-Q1,LPHS baseline,45,"Di Atas Lot PT 12813, PJS 3, Taman Medan, Mukim Bandar Petaling, Daerah Petaling, Selangor Darul Ehsan.",,
LPHS25-P-046,Rumah Selangorku,,Projek Perancangan MBPJ 046,Petaling,MBPJ,Bandar Petaling,Everest Pioneer Sdn. Bhd. Dan BH Builders Sdn. Bhd. (Plot 3),,,192,,,Dalam Perancangan,,,,,,lokasi/lot daripada masterlist LPHS; koordinat tidak disediakan,SRC-LPHS-RSKU-Q1-2025,2025-Q1,Masterlist LPHS Q1 2025 dibekalkan pengguna; project_name_not_provided_in_source,2025-Q1,LPHS baseline,46,"Di Atas Lot PT 12813, PJS 3, Taman Medan, Mukim Bandar Petaling, Daerah Petaling, Selangor Darul Ehsan.",,
LPHS25-P-047,Rumah Selangorku,,Projek Perancangan MBSJ 047,Petaling,MBSJ,Petaling,Tujuan Ehsan Sdn. Bhd. (Taman Equine (M) Sdn. Bhd.),,,120,,,Dalam Perancangan,,,,,,lokasi/lot daripada masterlist LPHS; koordinat tidak disediakan,SRC-LPHS-RSKU-Q1-2025,2025-Q1,Masterlist LPHS Q1 2025 dibekalkan pengguna; district_derived_from_pbt; project_name_not_provided_in_source,2025-Q1,LPHS baseline,47,"Hakmilik PN 7397 Lot 53383, Mukim Petaling. (dipinda ke HSD 258562 PT 73892 Persiaran Permai Sentosa Bandar Putra Permai).",,
LPHS25-P-048,Rumah Selangorku,,Projek Perancangan MBSJ 048,Petaling,MBSJ,Petaling,Tujuan Ehsan Sdn. Bhd. (Taman Equine (M) Sdn. Bhd.),,,232,,,Dalam Perancangan,,,,,,lokasi/lot daripada masterlist LPHS; koordinat tidak disediakan,SRC-LPHS-RSKU-Q1-2025,2025-Q1,Masterlist LPHS Q1 2025 dibekalkan pengguna; project_name_not_provided_in_source,2025-Q1,LPHS baseline,48,"Hakmilik HSD 208469 PT 69358 dan HSD 208470 PT 69359, Mukim Petaling, Daerah Petaling.",,
LPHS25-P-049,Rumah Selangorku,,Projek Perancangan MBSJ 049,Petaling,MBSJ,Petaling,Dr. Nik Zamri (Lestari Puchong Sdn. Bhd.),,,1300,,,Dalam Perancangan,,,,,,lokasi/lot daripada masterlist LPHS; koordinat tidak disediakan,SRC-LPHS-RSKU-Q1-2025,2025-Q1,Masterlist LPHS Q1 2025 dibekalkan pengguna; district_derived_from_pbt; project_name_not_provided_in_source,2025-Q1,LPHS baseline,49,"Lot HS(D) 273236 PT 79870 & HSD 273237 PT 79871 (Dahulu HSD 142205 PT 50607), Mukim Petaling.",,
LPHS25-P-050,Rumah Selangorku,,Projek Perancangan MBSJ 050,Petaling,MBSJ,,Doubloom Enterprise Sdn. Bhd. (Bukit Ikhlas Development Sdn. Bhd.),,,456,,,Dalam Perancangan,,,,,,lokasi/lot daripada masterlist LPHS; koordinat tidak disediakan,SRC-LPHS-RSKU-Q1-2025,2025-Q1,Masterlist LPHS Q1 2025 dibekalkan pengguna; project_name_not_provided_in_source,2025-Q1,LPHS baseline,50,"Hakmilik Geran 15411 Lot 65627, Geran 115412 Lot 65628, Geran 115410 Lot 65632 dan Geran 52299 Lot 3515 Pekan Serdang, Daerah Petaling",,
LPHS25-P-051,Rumah Selangorku,,Projek Perancangan MBSJ 051,Petaling,MBSJ,Petaling,Permodalan Negeri Selangor (Leh Construction Sdn. Bhd.),,,420,,,Dalam Perancangan,,,,,,lokasi/lot daripada masterlist LPHS; koordinat tidak disediakan,SRC-LPHS-RSKU-Q1-2025,2025-Q1,Masterlist LPHS Q1 2025 dibekalkan pengguna; project_name_not_provided_in_source,2025-Q1,LPHS baseline,51,"Hakmilik sebahagian Lot 15091, Lot 14237 dan Lot 900 Mukim Petaling, Daerah Petaling.",,
LPHS25-P-052,Rumah Selangorku,,Projek Perancangan MBSJ 052,Petaling,MBSJ,Damansara,Inta Development Sdn. Bhd. (Dahulunya Sime Darby USJ Development Sdn. Bhd.),,,746,,,Dalam Perancangan,,,,,,lokasi/lot daripada masterlist LPHS; koordinat tidak disediakan,SRC-LPHS-RSKU-Q1-2025,2025-Q1,Masterlist LPHS Q1 2025 dibekalkan pengguna; project_name_not_provided_in_source,2025-Q1,LPHS baseline,52,"Hakmilik HSD 318432 Hingga HSD 318447 PT 35900 Hingga PT 35915 (Lot Lama 66668 Geran 120326 dan Geran 318160 Lot 77716, Taman Pinggiran Subang, Mukim Damansara, Daerah Petaling. (PT 35900, PT 35901 Hingga PT 35915 (Lot Lama Lot 66668)",,
LPHS25-P-053,Rumah Selangorku,,Projek Perancangan MBSJ 053,Petaling,MBSJ,Petaling,Prima Nova Harta Development Sdn. Bhd. (& Millennium Land Sdn. Bhd.) =>Caturan Dinamik Sdn. Bhd.) =>(Win Global Builder Sdn. Bhd.),,,890,,,Dalam Perancangan,,,,,,lokasi/lot daripada masterlist LPHS; koordinat tidak disediakan,SRC-LPHS-RSKU-Q1-2025,2025-Q1,Masterlist LPHS Q1 2025 dibekalkan pengguna; project_name_not_provided_in_source,2025-Q1,LPHS baseline,53,"Hakmilik HSD 296557 PT 7343, HSD 296555 PT 7341 Dan HSD 296556 PT 7342 (Lot 102271, Lot 102272), Taman Tasik Prima Puchong, Mukim Petaling, Daerah Petaling.",,
LPHS25-P-054,Rumah Selangorku,,Projek Perancangan MBSJ 054,Petaling,MBSJ,Petaling,Prima Nova Harta Development Sdn. Bhd. (& Millennium Land Sdn. Bhd.) =>Caturan Dinamik Sdn. Bhd.) =>(Win Global Builder Sdn. Bhd.),,,400,,,Dalam Perancangan,,,,,,lokasi/lot daripada masterlist LPHS; koordinat tidak disediakan,SRC-LPHS-RSKU-Q1-2025,2025-Q1,Masterlist LPHS Q1 2025 dibekalkan pengguna; project_name_not_provided_in_source,2025-Q1,LPHS baseline,54,"Hakmilik HSD 296557 PT 7343, HSD 296555 PT 7341 Dan HSD 296556 PT 7342 (Lot 102271, Lot 102272), Taman Tasik Prima Puchong, Mukim Petaling, Daerah Petaling.",,
LPHS25-P-055,Rumah Selangorku,,Projek Perancangan MBSJ 055,Petaling,MBSJ,Damansara,Angkasa Indah Sdn. Bhd.,,,198,,,Dalam Perancangan,,,,,,lokasi/lot daripada masterlist LPHS; koordinat tidak disediakan,SRC-LPHS-RSKU-Q1-2025,2025-Q1,Masterlist LPHS Q1 2025 dibekalkan pengguna; project_name_not_provided_in_source,2025-Q1,LPHS baseline,55,"Lot 64681, Jalan PJS 9/1, PJS 9, Bandar Sunway, Subang Jaya, Mukim Damansara Daerah Petaling",,
LPHS25-P-056,Rumah Selangorku,,Projek Perancangan MBSJ 056,Petaling,MBSJ,,Opes Land Sdn. Bhd. & Opes Properties Sdn. Bhd.,,,600,,,Dalam Perancangan,,,,,,lokasi/lot daripada masterlist LPHS; koordinat tidak disediakan,SRC-LPHS-RSKU-Q1-2025,2025-Q1,Masterlist LPHS Q1 2025 dibekalkan pengguna; project_name_not_provided_in_source,2025-Q1,LPHS baseline,56,"Ke Atas Hakmilik HS(D)256474 Lot 1789 Dan HS(D)256476 Lot 1791 Di Pekan Serdang, Daerah Petaling.",,
LPHS25-P-057,Rumah Selangorku,,Projek Perancangan MBSJ 057,Petaling,MBSJ,Damansara,Inta Development Sdn. Bhd. (Dahulunya Sime Darby Putra Heights Development Sdn. Bhd.),,,1139,,,Dalam Perancangan,,,,,,lokasi/lot daripada masterlist LPHS; koordinat tidak disediakan,SRC-LPHS-RSKU-Q1-2025,2025-Q1,Masterlist LPHS Q1 2025 dibekalkan pengguna; project_name_not_provided_in_source,2025-Q1,LPHS baseline,57,"Di Atas Hakmilik HSD 315441 PT 35811 (Lot Lama 81255 dan 81256), Putra Heights, Mukim Damansara, Daerah Petaling.",,
LPHS25-P-058,Rumah Selangorku,,Projek Perancangan MBSJ 058,Petaling,MBSJ,,Glomac Alliance Sdn. Bhd.,,,186,,,Dalam Perancangan,,,,,,lokasi/lot daripada masterlist LPHS; koordinat tidak disediakan,SRC-LPHS-RSKU-Q1-2025,2025-Q1,Masterlist LPHS Q1 2025 dibekalkan pengguna; district_derived_from_pbt; project_name_not_provided_in_source,2025-Q1,LPHS baseline,58,"Di Atas Lot No. PT 2917 H.S.(D) 319257, Jalan Perindustrian Puchong, Bandar Metro Puchong, Puchong.",,
LPHS25-P-059,Rumah Selangorku,,Projek Perancangan MBSJ 059,Petaling,MBSJ,,Glomac Alliance Sdn. Bhd.,,,278,,,Dalam Perancangan,,,,,,lokasi/lot daripada masterlist LPHS; koordinat tidak disediakan,SRC-LPHS-RSKU-Q1-2025,2025-Q1,Masterlist LPHS Q1 2025 dibekalkan pengguna; district_derived_from_pbt; project_name_not_provided_in_source,2025-Q1,LPHS baseline,59,"Di Atas Lot No. PT 2916 H.S.(D) 319256, Jalan Perindustrian Puchong, Bandar Metro Puchong, Puchong.",,
LPHS25-P-060,Rumah Selangorku,,Projek Perancangan MBSJ 060,Petaling,MBSJ,Petaling,Interpile (M) Sdn. Bhd.,,,526,,,Dalam Perancangan,,,,,,lokasi/lot daripada masterlist LPHS; koordinat tidak disediakan,SRC-LPHS-RSKU-Q1-2025,2025-Q1,Masterlist LPHS Q1 2025 dibekalkan pengguna; project_name_not_provided_in_source,2025-Q1,LPHS baseline,60,"Di Atas Hakmilik PN 28792 Lot 65928, PN 28793 Lot 65929 Dan PN 28794 Lot 65930, Pekan Desa Puchong, Mukim Petaling, Daerah Petaling.",,
LPHS25-P-061,Rumah Selangorku,,Projek Perancangan MBSJ 061,Petaling,MBSJ,Petaling,Uni Vista Sdn. Bhd.,,,456,,,Dalam Perancangan,,,,,,lokasi/lot daripada masterlist LPHS; koordinat tidak disediakan,SRC-LPHS-RSKU-Q1-2025,2025-Q1,Masterlist LPHS Q1 2025 dibekalkan pengguna; project_name_not_provided_in_source,2025-Q1,LPHS baseline,61,"Di Atas Hakmilik HSD 322644 PT 83476, Mukim Petaling, Daerah Petaling, Selangor Darul Ehsan.",,
LPHS25-P-062,Rumah Selangorku,,Projek Perancangan MBSJ 062,Petaling,MBSJ,Petaling,Koperasi Sahabat Amanah Ikhtiar Malaysia Berhad,,,232,,,Dalam Perancangan,,,,,,lokasi/lot daripada masterlist LPHS; koordinat tidak disediakan,SRC-LPHS-RSKU-Q1-2025,2025-Q1,Masterlist LPHS Q1 2025 dibekalkan pengguna; project_name_not_provided_in_source,2025-Q1,LPHS baseline,62,"Di Atas Hakmilik HSD 315817 PT 82629, Mukim Petaling, Daerah Petaling.",,
LPHS25-P-063,Rumah Selangorku,,Projek Perancangan MBSJ 063,Petaling,MBSJ,Petaling,Pacific Grandland Sdn. Bhd.,,,525,,,Dalam Perancangan,,,,,,lokasi/lot daripada masterlist LPHS; koordinat tidak disediakan,SRC-LPHS-RSKU-Q1-2025,2025-Q1,Masterlist LPHS Q1 2025 dibekalkan pengguna; project_name_not_provided_in_source,2025-Q1,LPHS baseline,63,"Di Atas Hakmilik Geran 203756 Lot 87990 Dan Geran 203757 Lot 87991, Mukim Petaling, Daerah Petaling.",,
LPHS25-P-064,Rumah Selangorku,,Projek Perancangan MBDK 064,Klang,MBDK,,Sutera Bangsa Sdn. Bhd.,,,259,,,Dalam Perancangan,,,,,,lokasi/lot daripada masterlist LPHS; koordinat tidak disediakan,SRC-LPHS-RSKU-Q1-2025,2025-Q1,Masterlist LPHS Q1 2025 dibekalkan pengguna; project_name_not_provided_in_source,2025-Q1,LPHS baseline,64,"Ke atas hakmilik Lot 54922 GRN 85859 dan Sebahagian Lot 54923 GRN 85860 Di Taman Sungai Kapar Indah, Mukim, Kapar Daerah Klang.",,
LPHS25-P-065,Rumah Selangorku,,Projek Perancangan MBDK 065,Klang,MBDK,Klang,Glenmarie Cove Development Sdn. Bhd.,,,1014,,,Dalam Perancangan,,,,,,lokasi/lot daripada masterlist LPHS; koordinat tidak disediakan,SRC-LPHS-RSKU-Q1-2025,2025-Q1,Masterlist LPHS Q1 2025 dibekalkan pengguna; project_name_not_provided_in_source,2025-Q1,LPHS baseline,65,"Hakmilik GRN 43549 Lot 77170 Mukim Klang, Daerah Klang.",,
LPHS25-P-066,Rumah Selangorku,,Projek Perancangan MBDK 066,Klang,MBDK,Klang,Valiant Plus Sdn. Bhd.,,,296,,,Dalam Perancangan,,,,,,lokasi/lot daripada masterlist LPHS; koordinat tidak disediakan,SRC-LPHS-RSKU-Q1-2025,2025-Q1,Masterlist LPHS Q1 2025 dibekalkan pengguna; project_name_not_provided_in_source,2025-Q1,LPHS baseline,66,"Di Atas Lot 83949 Mukim Klang, Daerah Klang.",,
LPHS25-P-067,Rumah Selangorku,,Projek Perancangan MBDK 067,Klang,MBDK,Klang,Khoo Soon Lee Realty Sdn. Bhd.,,,1449,,,Dalam Perancangan,,,,,,lokasi/lot daripada masterlist LPHS; koordinat tidak disediakan,SRC-LPHS-RSKU-Q1-2025,2025-Q1,Masterlist LPHS Q1 2025 dibekalkan pengguna; project_name_not_provided_in_source,2025-Q1,LPHS baseline,67,"Ke Atas PT143736-PT143740, PT143812-PT143831, PT143844-PT143863, PT143744-PT143805 Dan PT143870 Di Bandar Bestari, Mukim Klang Daerah Klang.",,
LPHS25-P-068,Rumah Selangorku,,Projek Perancangan MBDK 068,Klang,MBDK,Klang,Alam Nyata Pembangunan Sdn. Bhd.,,,27,,,Dalam Perancangan,,,,,,lokasi/lot daripada masterlist LPHS; koordinat tidak disediakan,SRC-LPHS-RSKU-Q1-2025,2025-Q1,Masterlist LPHS Q1 2025 dibekalkan pengguna; project_name_not_provided_in_source,2025-Q1,LPHS baseline,68,"Ke Atas Hakmilik GRN 315311 Lot 157841 Di Mukim Klang, Daerah Klang.",,
LPHS25-P-069,Rumah Selangorku,,Projek Perancangan MBDK 069,Klang,MBDK,Klang,B.H. Development Sdn. Bhd.,,,180,,,Dalam Perancangan,,,,,,lokasi/lot daripada masterlist LPHS; koordinat tidak disediakan,SRC-LPHS-RSKU-Q1-2025,2025-Q1,Masterlist LPHS Q1 2025 dibekalkan pengguna; project_name_not_provided_in_source,2025-Q1,LPHS baseline,69,"Ke Atas Hakmilik GRN 279082 Lot 123230 Di Jalan Pandamaran, Taman Pendamar Indah, Pelabuhan Klang, Mukim Klang, Daerah Klang.",,
LPHS25-P-070,Rumah Selangorku,,Projek Perancangan MBDK 070,Klang,MBDK,Kapar,Sutera Bangsa Sdn. Bhd.,,,77,,,Dalam Perancangan,,,,,,lokasi/lot daripada masterlist LPHS; koordinat tidak disediakan,SRC-LPHS-RSKU-Q1-2025,2025-Q1,Masterlist LPHS Q1 2025 dibekalkan pengguna; project_name_not_provided_in_source,2025-Q1,LPHS baseline,70,"Di Atas PT 64240 Hingga PT 64246, PT 71570 Hingga PT 71574 Dan Lot 55023 Hingga Lot 55209, Taman Sungai Kapar Indah, Mukim Kapar, Daerah Klang.",,
LPHS25-P-071,Rumah Selangorku,,Projek Perancangan MBDK 071,Klang,MBDK,Klang,Melati Ehsan Consolidated Sdn. Bhd.,,,377,,,Dalam Perancangan,,,,,,lokasi/lot daripada masterlist LPHS; koordinat tidak disediakan,SRC-LPHS-RSKU-Q1-2025,2025-Q1,Masterlist LPHS Q1 2025 dibekalkan pengguna; project_name_not_provided_in_source,2025-Q1,LPHS baseline,71,"Ke Atas Hakmilik PT 14817 Di Pandamaran, Mukim Klang, Daerah Klang.",,
LPHS25-P-072,Rumah Selangorku,,Projek Perancangan MBDK 072,Klang,MBDK,Klang,Aus – Builder Corporation Sdn. Bhd.,,,1728,,,Dalam Perancangan,,,,,,lokasi/lot daripada masterlist LPHS; koordinat tidak disediakan,SRC-LPHS-RSKU-Q1-2025,2025-Q1,Masterlist LPHS Q1 2025 dibekalkan pengguna; project_name_not_provided_in_source,2025-Q1,LPHS baseline,72,"Di Atas Lot 128168 GRN 190153 Dan Lot 128197 GRN 190176, Jalan Bayu Laut, Pandamaran, Mukim Klang, Daerah Klang.",,
LPHS25-P-073,Rumah Selangorku,,Projek Perancangan MBDK 073,Klang,MBDK,Klang,Gabungan Efektif Sdn. Bhd. (WCT Holdings Berhad),,,,,,Dalam Perancangan,,,,,,lokasi/lot daripada masterlist LPHS; koordinat tidak disediakan,SRC-LPHS-RSKU-Q1-2025,2025-Q1,Masterlist LPHS Q1 2025 dibekalkan pengguna; project_name_not_provided_in_source; units_not_numeric_or_not_provided,2025-Q1,LPHS baseline,73,"Di Atas Hakmilik HSD 141418 PT 106978 (A6), HSD 141419 PT 106981 (A7), HSD 141319 PT 106870 (A9), Dan HSD 141417 PT 106976 (A10) Di Mukim Klang, Daerah Klang.",,
LPHS25-P-074,Rumah Selangorku,,Projek Perancangan MBDK 074,Klang,MBDK,Klang,Gemilang Waras Sdn. Bhd. (WCT Holdings Berhad) 1J,,,323,,,Dalam Perancangan,,,,,,lokasi/lot daripada masterlist LPHS; koordinat tidak disediakan,SRC-LPHS-RSKU-Q1-2025,2025-Q1,Masterlist LPHS Q1 2025 dibekalkan pengguna; project_name_not_provided_in_source,2025-Q1,LPHS baseline,74,Di Atas Hakmilik GRN 155543 Lot 117120 (1J)Di Mukim Klang Daerah Klang.,,
LPHS25-P-075,Rumah Selangorku,,Projek Perancangan MBDK 075,Klang,MBDK,Kapar,Neu Estates Sdn. Bhd. (Dahulu dikenali sebagai NPO Land Sdn. Bhd.),,,256,,,Dalam Perancangan,,,,,,lokasi/lot daripada masterlist LPHS; koordinat tidak disediakan,SRC-LPHS-RSKU-Q1-2025,2025-Q1,Masterlist LPHS Q1 2025 dibekalkan pengguna; project_name_not_provided_in_source,2025-Q1,LPHS baseline,75,"Di Atas Hakmilik HSD 162436 Hingga HSD 162691 PT 80314 Hingga PT 80569 (Lot Asal PT 73321 Dan PT 73322), Sungai Kapar Indah, Mukim Kapar, Daerah Klang.",,
LPHS25-P-076,Rumah Selangorku,,Projek Perancangan MBDK 076,Klang,MBDK,Klang,Malayapine Estates Sdn. Bhd.,,,476,,,Dalam Perancangan,,,,,,lokasi/lot daripada masterlist LPHS; koordinat tidak disediakan,SRC-LPHS-RSKU-Q1-2025,2025-Q1,Masterlist LPHS Q1 2025 dibekalkan pengguna; project_name_not_provided_in_source,2025-Q1,LPHS baseline,76,"Di Atas PT 139248, PT 139969 Dan PT 140249, Bandar Putera, Mukim Klang, Daerah Klang.",,
LPHS25-P-077,Rumah Selangorku,,Projek Perancangan MBDK 077,Klang,MBDK,Klang,Malayapine Estates Sdn. Bhd.,,,960,,,Dalam Perancangan,,,,,,lokasi/lot daripada masterlist LPHS; koordinat tidak disediakan,SRC-LPHS-RSKU-Q1-2025,2025-Q1,Masterlist LPHS Q1 2025 dibekalkan pengguna; project_name_not_provided_in_source,2025-Q1,LPHS baseline,77,"Di Atas PT 139248, PT 139969 Dan PT 140249, Bandar Putera, Mukim Klang, Daerah Klang.",,
LPHS25-P-078,Rumah Selangorku,,Projek Perancangan MBDK 078,Klang,MBDK,Klang,Serta Usaha Sdn. Bhd.,,,144,,,Dalam Perancangan,,,,,,lokasi/lot daripada masterlist LPHS; koordinat tidak disediakan,SRC-LPHS-RSKU-Q1-2025,2025-Q1,Masterlist LPHS Q1 2025 dibekalkan pengguna; project_name_not_provided_in_source,2025-Q1,LPHS baseline,78,"Di Atas Hakmilik GM 5148 Lot 791, Mukim Klang, Daerah Klang.",,
LPHS25-P-079,Rumah Selangorku,,Projek Perancangan MBDK 079,Klang,MBDK,Klang,Central Spectrum (M) Sdn. Bhd.,,,1859,,,Dalam Perancangan,,,,,,lokasi/lot daripada masterlist LPHS; koordinat tidak disediakan,SRC-LPHS-RSKU-Q1-2025,2025-Q1,Masterlist LPHS Q1 2025 dibekalkan pengguna; project_name_not_provided_in_source,2025-Q1,LPHS baseline,79,"Di Atas PT 61701 (Lot Asal), Taman Perindustrian Pulau Indah (Pembangunan Bercampur 'Selangor Bio Bay'), Mukim Klang, Daerah Klang.",,
LPHS25-P-080,Rumah Selangorku,,Projek Perancangan MBDK 080,Klang,MBDK,Kapar,Arah Alaf (M) Sdn. Bhd.,,,102,,,Dalam Perancangan,,,,,,lokasi/lot daripada masterlist LPHS; koordinat tidak disediakan,SRC-LPHS-RSKU-Q1-2025,2025-Q1,Masterlist LPHS Q1 2025 dibekalkan pengguna; project_name_not_provided_in_source,2025-Q1,LPHS baseline,80,"Di Atas Hakmilik HSM 48228 PT 82471, Mukim Kapar, Daerah Klang.",,
LPHS25-P-081,Rumah Selangorku,,Projek Perancangan MBDK 081,Klang,MBDK,Kapar,Seiring Harum Sdn. Bhd.,,,16,,,Dalam Perancangan,,,,,,lokasi/lot daripada masterlist LPHS; koordinat tidak disediakan,SRC-LPHS-RSKU-Q1-2025,2025-Q1,Masterlist LPHS Q1 2025 dibekalkan pengguna; project_name_not_provided_in_source,2025-Q1,LPHS baseline,81,"Di Atas Hakmilik GM 2142 Lot 5450, Mukim Kapar, Daerah Klang.",,
LPHS25-P-082,Rumah Selangorku,,Projek Perancangan MBDK 082,Klang,MBDK,Kapar,C.T. World Development Sdn. Bhd.,,,1120,,,Dalam Perancangan,,,,,,lokasi/lot daripada masterlist LPHS; koordinat tidak disediakan,SRC-LPHS-RSKU-Q1-2025,2025-Q1,Masterlist LPHS Q1 2025 dibekalkan pengguna; project_name_not_provided_in_source,2025-Q1,LPHS baseline,82,"Di Atas Hakmilik GRN 338118 Lot 111214, Mukim Kapar, Daerah Klang.",,
LPHS25-P-083,Rumah Selangorku,,Projek Perancangan MBDK 083,Klang,MBDK,Kapar,Inta Development Sdn. Bhd.,,,312,,,Dalam Perancangan,,,,,,lokasi/lot daripada masterlist LPHS; koordinat tidak disediakan,SRC-LPHS-RSKU-Q1-2025,2025-Q1,Masterlist LPHS Q1 2025 dibekalkan pengguna; project_name_not_provided_in_source,2025-Q1,LPHS baseline,83,"Di Atas Hakmilik HSD 130458 PT 46703, Ladang Jalan Acob, Mukim Kapar, Daerah Klang.",,
LPHS25-P-084,Rumah Selangorku,,Projek Perancangan MBDK 084,Klang,MBDK,Klang,Pembinaan Kesentosaan Sdn. Bhd.,,,512,,,Dalam Perancangan,,,,,,lokasi/lot daripada masterlist LPHS; koordinat tidak disediakan,SRC-LPHS-RSKU-Q1-2025,2025-Q1,Masterlist LPHS Q1 2025 dibekalkan pengguna; project_name_not_provided_in_source,2025-Q1,LPHS baseline,84,"Sebahagian GRN 122878 Lot 98936 Dan Sebahagian GRN 121319 Lot 87138, Taman Sentosa Perdana, Mukim Klang, Daerah Klang.",,
LPHS25-P-085,Rumah Selangorku,,Projek Perancangan MBDK 085,Klang,MBDK,Klang,Jenfort Industries Sdn. Bhd.,,,36,,,Dalam Perancangan,,,,,,lokasi/lot daripada masterlist LPHS; koordinat tidak disediakan,SRC-LPHS-RSKU-Q1-2025,2025-Q1,Masterlist LPHS Q1 2025 dibekalkan pengguna; project_name_not_provided_in_source,2025-Q1,LPHS baseline,85,"Di Atas Hakmilik HSD 57670 Hingga HSD 57799, PT 60870 Hingga PT 60999 (Lot Asal 10509), Mukim Klang, Daerah Klang.",,
LPHS25-P-086,Rumah Selangorku,,Projek Perancangan MBDK 086,Klang,MBDK,Kapar,Dsara Sentral Sdn. Bhd.,,,600,,,Dalam Perancangan,,,,,,lokasi/lot daripada masterlist LPHS; koordinat tidak disediakan,SRC-LPHS-RSKU-Q1-2025,2025-Q1,Masterlist LPHS Q1 2025 dibekalkan pengguna; project_name_not_provided_in_source,2025-Q1,LPHS baseline,86,"Di Atas Hakmilik HSD 125459 PT 51383, Mukim Kapar, Daerah Klang.",,
LPHS25-P-087,Rumah Selangorku,,Projek Perancangan MPAJ 087,Gombak,MPAJ,,Gapadu Harta Sdn. Bhd.,,,138,,,Dalam Perancangan,,,,,,lokasi/lot daripada masterlist LPHS; koordinat tidak disediakan,SRC-LPHS-RSKU-Q1-2025,2025-Q1,Masterlist LPHS Q1 2025 dibekalkan pengguna; project_name_not_provided_in_source,2025-Q1,LPHS baseline,87,"Hakmilik HSD 83257 PT 5223, HSD 83258 PT 5244 Dan HSD 83259 PT 5225, Taman Ukay Spring, Seksyen 2, Bandar Hulu Kelang, Daerah Gombak.",,
LPHS25-P-088,Rumah Selangorku,,Projek Perancangan MPAJ 088,Gombak,MPAJ,,Sanjung Segar Development Sdn. Bhd.,,,48,,,Dalam Perancangan,,,,,,lokasi/lot daripada masterlist LPHS; koordinat tidak disediakan,SRC-LPHS-RSKU-Q1-2025,2025-Q1,Masterlist LPHS Q1 2025 dibekalkan pengguna; project_name_not_provided_in_source,2025-Q1,LPHS baseline,88,"Di Atas Hakmilik HS(D) 67904 PT 3868 Dan HS(D) 67905 PT 3869 Bandar Hulu Kelang, Daerah Gombak.",,
LPHS25-P-089,Rumah Selangorku,,Projek Perancangan MPAJ 089,Gombak,MPAJ,Hulu Kelang,Kismajaya Sdn Bhd,,,60,,,Dalam Perancangan,,,,,,lokasi/lot daripada masterlist LPHS; koordinat tidak disediakan,SRC-LPHS-RSKU-Q1-2025,2025-Q1,Masterlist LPHS Q1 2025 dibekalkan pengguna; project_name_not_provided_in_source,2025-Q1,LPHS baseline,89,"Di Atas Hakmilik PN 7136 PT 4992 (Sebahagian Lot Lama 6995), Kampung Pasir Tambahan, Mukim Hulu Kelang, Daerah Gombak.",,
LPHS25-P-090,Rumah Selangorku,,Projek Perancangan MPAJ 090,Hulu Langat,MPAJ,Ampang,Ampang Heights Holdings Sdn. Bhd.,,,800,,,Dalam Perancangan,,,,,,lokasi/lot daripada masterlist LPHS; koordinat tidak disediakan,SRC-LPHS-RSKU-Q1-2025,2025-Q1,Masterlist LPHS Q1 2025 dibekalkan pengguna; project_name_not_provided_in_source,2025-Q1,LPHS baseline,90,"Ke Atas Hakmilik HS(D) 117416 PT 11434 Dan HS(D) 71766 PT 2923, Di Mukim Ampang, Daerah Hulu Langat.",,
LPHS25-P-091,Rumah Selangorku,,Projek Perancangan MPAJ 091,Gombak,MPAJ,Ulu Kelang,V Development Sdn. Bhd.,,,60,,,Dalam Perancangan,,,,,,lokasi/lot daripada masterlist LPHS; koordinat tidak disediakan,SRC-LPHS-RSKU-Q1-2025,2025-Q1,Masterlist LPHS Q1 2025 dibekalkan pengguna; project_name_not_provided_in_source,2025-Q1,LPHS baseline,91,"Ke Atas Hakmilik HS(M) 15084 PT 18598 dan HS(M) 15085 PT 18599 Mukim Ulu Kelang, Daerah Gombak.",,
LPHS25-P-092,Rumah Selangorku,,Projek Perancangan MPAJ 092,Gombak,MPAJ,Hulu Kelang,SDB Properties Sdn. Bhd.,,,232,,,Dalam Perancangan,,,,,,lokasi/lot daripada masterlist LPHS; koordinat tidak disediakan,SRC-LPHS-RSKU-Q1-2025,2025-Q1,Masterlist LPHS Q1 2025 dibekalkan pengguna; project_name_not_provided_in_source,2025-Q1,LPHS baseline,92,"Di Atas Hakmilik HSM 14822 PT 18282, GM 1245 PT 18600 Dan HSM 15142 PT 18764 (Lot Asal 581, 582, 1223, 1224, 1230, 1234 Dan 1235), Jalan Klang Gates, Mukim Hulu Kelang, Daerah Gombak, Selangor Darul Ehsan.",,
LPHS25-P-093,Rumah Selangorku,,Projek Perancangan MPAJ 093,Hulu Langat,MPAJ,,Klanggroup Properties Management Sdn. Bhd.,,,219,,,Dalam Perancangan,,,,,,lokasi/lot daripada masterlist LPHS; koordinat tidak disediakan,SRC-LPHS-RSKU-Q1-2025,2025-Q1,Masterlist LPHS Q1 2025 dibekalkan pengguna; project_name_not_provided_in_source,2025-Q1,LPHS baseline,93,"Di Atas Hakmilik Geran 314779 Lot 4595, Geran 314776 Lot 4596 Dan Geran 314777 Lot 4597, Bandar Ampang, Daerah Hulu Langat.",,
LPHS25-P-094,Rumah Selangorku,,Projek Perancangan MPAJ 094,Gombak,MPAJ,,ZED Enterprise (M) Sdn. Bhd.,,,200,,,Dalam Perancangan,,,,,,lokasi/lot daripada masterlist LPHS; koordinat tidak disediakan,SRC-LPHS-RSKU-Q1-2025,2025-Q1,Masterlist LPHS Q1 2025 dibekalkan pengguna; project_name_not_provided_in_source,2025-Q1,LPHS baseline,94,"Di Atas Hakmilik PN 100693 Lot 11758 (Dahulunya Lot 1416) Seksyen 2, Bandar Hulu Kelang, Daerah Gombak.",,
LPHS25-P-095,Rumah Selangorku,,Projek Perancangan MPAJ 095,Hulu Langat,MPAJ,,Tuah Kayangan Development Sdn. Bhd.,,,173,,,Dalam Perancangan,,,,,,lokasi/lot daripada masterlist LPHS; koordinat tidak disediakan,SRC-LPHS-RSKU-Q1-2025,2025-Q1,Masterlist LPHS Q1 2025 dibekalkan pengguna; project_name_not_provided_in_source,2025-Q1,LPHS baseline,95,"Di Atas Hakmilik Hsm 34306 Hingga Hsm 34314 Pt 14558 Hingga Pt 14674 Dan Sebahagian Tanah Kerajaan Yang Dipohon (Lot Lama 17837), Bukit Cheras Bandar Ampang Daerah Hulu Langat",,
LPHS25-P-096,Rumah Selangorku,,Projek Perancangan MPAJ 096,Hulu Langat,MPAJ,,Tuah Kayangan Development Sdn. Bhd.,,,346,,,Dalam Perancangan,,,,,,lokasi/lot daripada masterlist LPHS; koordinat tidak disediakan,SRC-LPHS-RSKU-Q1-2025,2025-Q1,Masterlist LPHS Q1 2025 dibekalkan pengguna; project_name_not_provided_in_source,2025-Q1,LPHS baseline,96,"Di Atas Hakmilik Hsm 34306 Hingga Hsm 34314 Pt 14558 Hingga Pt 14674 Dan Sebahagian Tanah Kerajaan Yang Dipohon (Lot Lama 17837), Bukit Cheras Bandar Ampang Daerah Hulu Langat",,
LPHS25-P-097,Rumah Selangorku,,Projek Perancangan MPAJ 097,Gombak,MPAJ,Hulu Kelang,Maxims Circle Development Sdn. Bhd.,,,114,,,Dalam Perancangan,,,,,,lokasi/lot daripada masterlist LPHS; koordinat tidak disediakan,SRC-LPHS-RSKU-Q1-2025,2025-Q1,Masterlist LPHS Q1 2025 dibekalkan pengguna; project_name_not_provided_in_source,2025-Q1,LPHS baseline,97,"Di Atas Hakmilik PM 20 Lot 1237 Dan PM 40 Lot 1240, Mukim Hulu Kelang, Daerah Gombak",,
LPHS25-P-098,Rumah Selangorku,,Projek Perancangan MPKj 098,Hulu Langat,MPKj,Semenyih,Amalan Setar (M) Sdn. Bhd. (Permodalan Negeri Selangor Berhad (PNSB),,,324,,,Dalam Perancangan,,,,,,lokasi/lot daripada masterlist LPHS; koordinat tidak disediakan,SRC-LPHS-RSKU-Q1-2025,2025-Q1,Masterlist LPHS Q1 2025 dibekalkan pengguna; project_name_not_provided_in_source,2025-Q1,LPHS baseline,98,"Di Atas PT 16442 – PT 16601, PT 16502 – PT 16802 dan Sebahagian Lot 1906 Mukim Semenyih, Daerah Hulu Langat.",,
LPHS25-P-099,Rumah Selangorku,,Projek Perancangan MPKj 099,Hulu Langat,MPKj,Kajang,Avipolitan Development Sdn. Bhd.,,,183,,,Dalam Perancangan,,,,,,lokasi/lot daripada masterlist LPHS; koordinat tidak disediakan,SRC-LPHS-RSKU-Q1-2025,2025-Q1,Masterlist LPHS Q1 2025 dibekalkan pengguna; project_name_not_provided_in_source,2025-Q1,LPHS baseline,99,"Hakmilik HSD 148833 PT 74093 Di Mukim Kajang, Daerah Hulu Langat.",,
LPHS25-P-100,Rumah Selangorku,,Projek Perancangan MPKj 100,Hulu Langat,MPKj,,Trans Loyal Development Sdn. Bhd. (dahulunya Prestige Improvement Sdn. Bhd.),,,648,,,Dalam Perancangan,,,,,,lokasi/lot daripada masterlist LPHS; koordinat tidak disediakan,SRC-LPHS-RSKU-Q1-2025,2025-Q1,Masterlist LPHS Q1 2025 dibekalkan pengguna; project_name_not_provided_in_source,2025-Q1,LPHS baseline,100,"Ke Atas Hakmilik HSD 146983 PT 73122 Dan HSD 146984 PT 73123 Seksyen 9 Di Bandar Kajang, Daerah Hulu Langat.",,
LPHS25-P-101,Rumah Selangorku,,Projek Perancangan MPKj 101,Hulu Langat,MPKj,Kajang,K.Y.K Development Sdn. Bhd.,,,341,,,Dalam Perancangan,,,,,,lokasi/lot daripada masterlist LPHS; koordinat tidak disediakan,SRC-LPHS-RSKU-Q1-2025,2025-Q1,Masterlist LPHS Q1 2025 dibekalkan pengguna; project_name_not_provided_in_source,2025-Q1,LPHS baseline,101,"Di Lot 8597 Dan Lot 8598 (PT 69154), Mukim Kajang, Daerah Hulu Langat.",,
LPHS25-P-102,Rumah Selangorku,,Projek Perancangan MPKj 102,Hulu Langat,MPKj,,Aliran Perkasa Sdn. Bhd. (MKH),,,775,,,Dalam Perancangan,,,,,,lokasi/lot daripada masterlist LPHS; koordinat tidak disediakan,SRC-LPHS-RSKU-Q1-2025,2025-Q1,Masterlist LPHS Q1 2025 dibekalkan pengguna; project_name_not_provided_in_source,2025-Q1,LPHS baseline,102,"Ke Atas Hakmilik HSD 159522 PT 37330 dan HSD 159523 PT 37331 di Pekan Semenyih, Daerah Hulu Langat.",,
LPHS25-P-103,Rumah Selangorku,,Projek Perancangan MPKj 103,Hulu Langat,MPKj,Kajang,Nova Paramount Development Sdn. Bhd.,,,199,,,Dalam Perancangan,,,,,,lokasi/lot daripada masterlist LPHS; koordinat tidak disediakan,SRC-LPHS-RSKU-Q1-2025,2025-Q1,Masterlist LPHS Q1 2025 dibekalkan pengguna; project_name_not_provided_in_source,2025-Q1,LPHS baseline,103,"Lot PT.74111 (Dahulunya sebahagian Hakmilik GRN 52052 Lot 2887), Mutiara Height, Mukim Kajang, Daerah Hulu Langat.",,
LPHS25-P-104,Rumah Selangorku,,Projek Perancangan MPKj 104,Hulu Langat,MPKj,Beranang,Sime Darby Property Berhad (Pemaju Baru - Petaling Garden Sdn. Bhd.- SP Setia Bhd Group),,,731,,,Dalam Perancangan,,,,,,lokasi/lot daripada masterlist LPHS; koordinat tidak disediakan,SRC-LPHS-RSKU-Q1-2025,2025-Q1,Masterlist LPHS Q1 2025 dibekalkan pengguna; project_name_not_provided_in_source,2025-Q1,LPHS baseline,104,"Hakmilik GRN 46222 Lot 41 Dan GRN 9403 Lot 1807 Mukim Beranang, Daerah Hulu Langat.",,
LPHS25-P-105,Rumah Selangorku,,Projek Perancangan MPKj 105,Hulu Langat,MPKj,Semenyih,Mayland Venue Sdn. Bhd. (Kevo Bina Sdn. Bhd.),,,208,,,Dalam Perancangan,,,,,,lokasi/lot daripada masterlist LPHS; koordinat tidak disediakan,SRC-LPHS-RSKU-Q1-2025,2025-Q1,Masterlist LPHS Q1 2025 dibekalkan pengguna; project_name_not_provided_in_source,2025-Q1,LPHS baseline,105,"Di Atas Hakmilik HSD 154774, Lot 35724 Mukim Semenyih, Daerah Hulu Langat.",,
LPHS25-P-106,Rumah Selangorku,,Projek Perancangan MPKj 106,Hulu Langat,MPKj,Semenyih,Mayland Venue Sdn. Bhd.,,,1117,,,Dalam Perancangan,,,,,,lokasi/lot daripada masterlist LPHS; koordinat tidak disediakan,SRC-LPHS-RSKU-Q1-2025,2025-Q1,Masterlist LPHS Q1 2025 dibekalkan pengguna; project_name_not_provided_in_source,2025-Q1,LPHS baseline,106,"Di Atas Hakmilik GRN 334201 Lot 49019 Dan GRN 334202 Lot 49020, Mukim Semenyih, Daerah Hulu Langat",,
LPHS25-P-107,Rumah Selangorku,,Projek Perancangan MPKj 107,Hulu Langat,MPKj,Semenyih,Crimson Villa Sdn. Bhd.,,,605,,,Dalam Perancangan,,,,,,lokasi/lot daripada masterlist LPHS; koordinat tidak disediakan,SRC-LPHS-RSKU-Q1-2025,2025-Q1,Masterlist LPHS Q1 2025 dibekalkan pengguna; project_name_not_provided_in_source,2025-Q1,LPHS baseline,107,"Di Atas Hakmilik GRN 339953 Lot 50554 (Terdahulu Sebahagian Lot 20504 GRN 271958), Mukim Semenyih, Daerah Hulu Langat.",,
LPHS25-P-108,Rumah Selangorku,,Projek Perancangan MPKj 108,Hulu Langat,MPKj,Kajang,Asjanas Development Sdn. Bhd.,,,151,,,Dalam Perancangan,,,,,,lokasi/lot daripada masterlist LPHS; koordinat tidak disediakan,SRC-LPHS-RSKU-Q1-2025,2025-Q1,Masterlist LPHS Q1 2025 dibekalkan pengguna; project_name_not_provided_in_source,2025-Q1,LPHS baseline,108,"Ke Atas Hakmilik Lot 8830 GRN 50538, Mukim Kajang, Daerah Hulu Langat.",,
LPHS25-P-109,Rumah Selangorku,,Projek Perancangan MPKj 109,Hulu Langat,MPKj,Semenyih,PPC Development Sdn. Bhd.,,,22,,,Dalam Perancangan,,,,,,lokasi/lot daripada masterlist LPHS; koordinat tidak disediakan,SRC-LPHS-RSKU-Q1-2025,2025-Q1,Masterlist LPHS Q1 2025 dibekalkan pengguna; project_name_not_provided_in_source,2025-Q1,LPHS baseline,109,"Di Atas Hakmilik Lot 257 GM 923, Jalan Sg. Lalang, Mukim Semenyih Daerah Hulu Langat.",,
LPHS25-P-110,Rumah Selangorku,,Projek Perancangan MPKj 110,Hulu Langat,MPKj,Cheras,Jitu Enigma Sdn. Bhd.,,,388,,,Dalam Perancangan,,,,,,lokasi/lot daripada masterlist LPHS; koordinat tidak disediakan,SRC-LPHS-RSKU-Q1-2025,2025-Q1,Masterlist LPHS Q1 2025 dibekalkan pengguna; project_name_not_provided_in_source,2025-Q1,LPHS baseline,110,"Di Atas Hakmilik Lot 170256 PT 59362, HS(D) 170258 PT 59364 Dan HS(D) 170259 PT 59365 (Dahulunya Lot 1092 & Lot 1356), Taman Juara Jaya, Mukim Cheras, Daerah Hulu Langat.",,
LPHS25-P-111,Rumah Selangorku,,Projek Perancangan MPKj 111,Hulu Langat,MPKj,Semenyih,Vista Development Sdn. Bhd. (K.Y.K Development Sdn. Bhd.),,,60,,,Dalam Perancangan,,,,,,lokasi/lot daripada masterlist LPHS; koordinat tidak disediakan,SRC-LPHS-RSKU-Q1-2025,2025-Q1,Masterlist LPHS Q1 2025 dibekalkan pengguna; project_name_not_provided_in_source,2025-Q1,LPHS baseline,111,"Di Atas Lot 1230 GM 989 Mukim Semenyih, Daerah Hulu Langat.",,
LPHS25-P-112,Rumah Selangorku,,Projek Perancangan MPKj 112,Hulu Langat,MPKj,Beranang,Eco Majestic Sdn. Bhd. (Eco World Development Berhad) (Eco Forest),,,1856,,,Dalam Perancangan,,,,,,lokasi/lot daripada masterlist LPHS; koordinat tidak disediakan,SRC-LPHS-RSKU-Q1-2025,2025-Q1,Masterlist LPHS Q1 2025 dibekalkan pengguna; project_name_not_provided_in_source,2025-Q1,LPHS baseline,112,"Di Atas Lot 25, 1107-1111, 1135, 1137-1139, 1158 & 1159, Tarun Estate, Mukim Beranang, Daerah Hulu Langat, Selangor Darul Ehsan.",,
LPHS25-P-113,Rumah Selangorku,,Projek Perancangan MPKj 113,Hulu Langat,MPKj,Semenyih,Rukun Jaya Sdn. Bhd.,,,124,,,Dalam Perancangan,,,,,,lokasi/lot daripada masterlist LPHS; koordinat tidak disediakan,SRC-LPHS-RSKU-Q1-2025,2025-Q1,Masterlist LPHS Q1 2025 dibekalkan pengguna; project_name_not_provided_in_source,2025-Q1,LPHS baseline,113,"Ke Atas Hakmilik Lot 29288, 29290 Dan 29291 (Dahulunya Sebahagian Lot 2017), Mukim Semenyih, Daerah Hulu Langat.",,
LPHS25-P-114,Rumah Selangorku,,Projek Perancangan MPKj 114,Hulu Langat,MPKj,Cheras,Medan Damai Sdn. Bhd. (Projek 1),,,408,,,Dalam Perancangan,,,,,,lokasi/lot daripada masterlist LPHS; koordinat tidak disediakan,SRC-LPHS-RSKU-Q1-2025,2025-Q1,Masterlist LPHS Q1 2025 dibekalkan pengguna; project_name_not_provided_in_source,2025-Q1,LPHS baseline,114,"Di Atas Hakmilik HS(D)143836 PT55759 Dan HS(D)143837 PT55760, Mukim Cheras, Daerah Hulu Langat.",,
LPHS25-P-115,Rumah Selangorku,,Projek Perancangan MPKj 115,Hulu Langat,MPKj,Kajang,Cleftrock Development Sdn. Bhd.,,,96,,,Dalam Perancangan,,,,,,lokasi/lot daripada masterlist LPHS; koordinat tidak disediakan,SRC-LPHS-RSKU-Q1-2025,2025-Q1,Masterlist LPHS Q1 2025 dibekalkan pengguna; project_name_not_provided_in_source,2025-Q1,LPHS baseline,115,"Di Atas PT 35919 Hingga PT 35936, Taman Desa Meringing, Mukim Kajang, Daerah Hulu Langat.",,
LPHS25-P-116,Rumah Selangorku,,Projek Perancangan MPKj 116,Hulu Langat,MPKj,Cheras,Medan Damai Sdn. Bhd. (Projek 2),,,588,,,Dalam Perancangan,,,,,,lokasi/lot daripada masterlist LPHS; koordinat tidak disediakan,SRC-LPHS-RSKU-Q1-2025,2025-Q1,Masterlist LPHS Q1 2025 dibekalkan pengguna; project_name_not_provided_in_source,2025-Q1,LPHS baseline,116,"Di Atas Hakmilik HS(D) 173873 PT59808 Dan HS(D)17374 PT59809, Mukim Cheras, Daerah Hulu Langat.",,
LPHS25-P-117,Rumah Selangorku,,Projek Perancangan MPKj 117,Hulu Langat,MPKj,,Zoom Development Sdn. Bhd. Exclusive Expansion Sdn. Bhd. (Rising Charm Sdn. Bhd.),,,238,,,Dalam Perancangan,,,,,,lokasi/lot daripada masterlist LPHS; koordinat tidak disediakan,SRC-LPHS-RSKU-Q1-2025,2025-Q1,Masterlist LPHS Q1 2025 dibekalkan pengguna; project_name_not_provided_in_source,2025-Q1,LPHS baseline,117,"Di Atas Hakmilik HSD 186725 PT 88429 (Lot 41314 & Lot 41315), Pekan Kampung Sungai Tangkas, Daerah Hulu Langat.",,
LPHS25-P-118,Rumah Selangorku,,Projek Perancangan MPKj 118,Hulu Langat,MPKj,Beranang,Amalan Setar (M) Sdn. Bhd.,,,151,,,Dalam Perancangan,,,,,,lokasi/lot daripada masterlist LPHS; koordinat tidak disediakan,SRC-LPHS-RSKU-Q1-2025,2025-Q1,Masterlist LPHS Q1 2025 dibekalkan pengguna; project_name_not_provided_in_source,2025-Q1,LPHS baseline,118,"Hakmilik HSD 184721 PT 20191 (Dahulunya PT 14758, PT 14759 Dan Rizab Perkhidmatan, Mukim Beranang, Daerah Hulu Langat",,
LPHS25-P-119,Rumah Selangorku,,Projek Perancangan MPKj 119,Hulu Langat,MPKj,Semenyih,Gerak Teguh Sdn Bhd (MKH),,,1100,,,Dalam Perancangan,,,,,,lokasi/lot daripada masterlist LPHS; koordinat tidak disediakan,SRC-LPHS-RSKU-Q1-2025,2025-Q1,Masterlist LPHS Q1 2025 dibekalkan pengguna; project_name_not_provided_in_source,2025-Q1,LPHS baseline,119,"Di Atas PT 26791, Mukim Semenyih, Daerah Hulu Langat",,
LPHS25-P-120,Rumah Selangorku,,Projek Perancangan MPKj 120,Hulu Langat,MPKj,Kajang,Kajang Heights Development Sdn. Bhd.,,,250,,,Dalam Perancangan,,,,,,lokasi/lot daripada masterlist LPHS; koordinat tidak disediakan,SRC-LPHS-RSKU-Q1-2025,2025-Q1,Masterlist LPHS Q1 2025 dibekalkan pengguna; project_name_not_provided_in_source,2025-Q1,LPHS baseline,120,"Di Atas Lot 68252 - Lot 68503, PT 68249 Dan PT 68251 (Lot Lama 671, 1493, 3178 Dan 11749), Mukim Kajang, Daerah Hulu Langat.",,
LPHS25-P-121,Rumah Selangorku,,Projek Perancangan MPKj 121,Hulu Langat,MPKj,Semenyih,Pagoda Anggun Sdn. Bhd.,,,84,,,Dalam Perancangan,,,,,,lokasi/lot daripada masterlist LPHS; koordinat tidak disediakan,SRC-LPHS-RSKU-Q1-2025,2025-Q1,Masterlist LPHS Q1 2025 dibekalkan pengguna; project_name_not_provided_in_source,2025-Q1,LPHS baseline,121,"Di Atas Hakmilik HSD 172058 PT 42643 Dan HSD 172059 PT 42644, Mukim Semenyih, Daerah Hulu Langat",,
LPHS25-P-122,Rumah Selangorku,,Projek Perancangan MPKj 122,Hulu Langat,MPKj,,Menteri Besar Selangor Pemerbadanan (MBI) Trans Loyal Development Sdn. Bhd.,,,1176,,,Dalam Perancangan,,,,,,lokasi/lot daripada masterlist LPHS; koordinat tidak disediakan,SRC-LPHS-RSKU-Q1-2025,2025-Q1,Masterlist LPHS Q1 2025 dibekalkan pengguna; project_name_not_provided_in_source,2025-Q1,LPHS baseline,122,"Di Atas Lot 1237 (PT 80086) & Lot 1238 (PT 80089), Pekan Bangi Lama, Kajang, Daerah Hulu Langat. PEKAN BANGI LAMA",,
LPHS25-P-123,Rumah Selangorku,,Projek Perancangan MPKj 123,Hulu Langat,MPKj,Semenyih,Lee Swee Ann & Brothers Sdn. Bhd.,,,1104,,,Dalam Perancangan,,,,,,lokasi/lot daripada masterlist LPHS; koordinat tidak disediakan,SRC-LPHS-RSKU-Q1-2025,2025-Q1,Masterlist LPHS Q1 2025 dibekalkan pengguna; project_name_not_provided_in_source,2025-Q1,LPHS baseline,123,"Di Atas Hakmilik GRN 47318 Lot 2001, Mukim Semenyih, Daerah Hulu Langat, Selangor Darul Ehsan",,
LPHS25-P-124,Rumah Selangorku,,Projek Perancangan MPKj 124,Hulu Langat,MPKj,Beranang,Eco Majestic Development Sdn. Bhd.,,,5073,,,Dalam Perancangan,,,,,,lokasi/lot daripada masterlist LPHS; koordinat tidak disediakan,SRC-LPHS-RSKU-Q1-2025,2025-Q1,Masterlist LPHS Q1 2025 dibekalkan pengguna; project_name_not_provided_in_source,2025-Q1,LPHS baseline,124,"Di Atas HSD179009 PT19796, HSD179010 PT19797, HSD179013 PT19800, HSD179014 PT19801 Dan HSD179015 PT19802, Eco Forest, Mukim Beranang, Daerah Hulu Langat, Selangor Darul Ehsan",,
LPHS25-P-125,Rumah Selangorku,,Projek Perancangan MPKj 125,Hulu Langat,MPKj,Beranang,Setia Ecohill 2 Sdn. Bhd. Trans Loyal Development Sdn. Bhd.,,,5470,,,Dalam Perancangan,,,,,,lokasi/lot daripada masterlist LPHS; koordinat tidak disediakan,SRC-LPHS-RSKU-Q1-2025,2025-Q1,Masterlist LPHS Q1 2025 dibekalkan pengguna; project_name_not_provided_in_source,2025-Q1,LPHS baseline,125,"Di Atas HSD 181367 PT17130, HSD 183253 PT 19016, HSD 183254 PT 19017, HSD 183255 PT 19018 Dan HSD 183256 PT 19019, Setia Ecohill 2, Mukim Beranang, Daerah Hulu Langat, Selangor Darul Ehsan",,
LPHS25-P-126,Rumah Selangorku,,Projek Perancangan MPKj 126,Hulu Langat,MPKj,Semenyih,Setia Alamsari Sdn. Bhd. Trans Loyal Development Sdn. Bhd.,,,2289,,,Dalam Perancangan,,,,,,lokasi/lot daripada masterlist LPHS; koordinat tidak disediakan,SRC-LPHS-RSKU-Q1-2025,2025-Q1,Masterlist LPHS Q1 2025 dibekalkan pengguna; project_name_not_provided_in_source,2025-Q1,LPHS baseline,126,"Di Atas Hakmilik HSD184053 PT47384, Ladang Bangi, Setia Alamsari, Mukim Semenyih, Daerah Hulu Langat, Selangor Darul Ehsan. (Setia Alamsari)",,
LPHS25-P-127,Rumah Selangorku,,Projek Perancangan MPKj 127,Hulu Langat,MPKj,Semenyih,I & P Menara Sdn. Bhd. Trans Loyal Development Sdn. Bhd.,,,3796,,,Dalam Perancangan,,,,,,lokasi/lot daripada masterlist LPHS; koordinat tidak disediakan,SRC-LPHS-RSKU-Q1-2025,2025-Q1,Masterlist LPHS Q1 2025 dibekalkan pengguna; project_name_not_provided_in_source,2025-Q1,LPHS baseline,127,"Di Atas Hakmilik Geran 313068 Lot23028, Geran 239224 Lot23025, Geran 239225 Lot23027, Hsd149873 Pt34902, Hsd149875 Pt34905, Hsd149876 Pt34906, Hsd149877 Pt34907 Dan Hsd149878 Pt34908, Setia Alamsari, Mukim Semenyih, Daerah Hulu Langat, Selangor Darul Ehsan (Setia Alamsari 2)",,
LPHS25-P-128,Rumah Selangorku,,Projek Perancangan MPKj 128,Hulu Langat,MPKj,Semenyih,JW Land Sdn. Bhd.,,,28,,,Dalam Perancangan,,,,,,lokasi/lot daripada masterlist LPHS; koordinat tidak disediakan,SRC-LPHS-RSKU-Q1-2025,2025-Q1,Masterlist LPHS Q1 2025 dibekalkan pengguna; project_name_not_provided_in_source,2025-Q1,LPHS baseline,128,"Di Atas Hakmilik Hsd 178066 Pt 45322 (Lot Lama 2323), Mukim Semenyih Daerah Hulu Langat",,
LPHS25-P-129,Rumah Selangorku,,Projek Perancangan MPKj 129,Hulu Langat,MPKj,Semenyih,JW Land Sdn. Bhd.,,,84,,,Dalam Perancangan,,,,,,lokasi/lot daripada masterlist LPHS; koordinat tidak disediakan,SRC-LPHS-RSKU-Q1-2025,2025-Q1,Masterlist LPHS Q1 2025 dibekalkan pengguna; project_name_not_provided_in_source,2025-Q1,LPHS baseline,129,"Di Atas Hakmilik Hsd 178066 Pt 45322 (Lot Lama 2323), Mukim Semenyih Daerah Hulu Langat",,
LPHS25-P-130,Rumah Selangorku,,Projek Perancangan MPKj 130,Hulu Langat,MPKj,Semenyih,Konsortium PNSB Construction Sdn. Bhd. (UEM Sunrise),,,2086,,,Dalam Perancangan,,,,,,lokasi/lot daripada masterlist LPHS; koordinat tidak disediakan,SRC-LPHS-RSKU-Q1-2025,2025-Q1,Masterlist LPHS Q1 2025 dibekalkan pengguna; project_name_not_provided_in_source,2025-Q1,LPHS baseline,130,"Di Atas Hakmilik HSD 176522 PT 44501, HSD 176523 PT 44502 Dan PT 44515, Mukim Semenyih, Daerah Hulu Langat (Serene Heights)",,
LPHS25-P-131,Rumah Selangorku,,Projek Perancangan MPKj 131,Hulu Langat,MPKj,Cheras,Uda Land Sdn. Bhd.,,,518,,,Dalam Perancangan,,,,,,lokasi/lot daripada masterlist LPHS; koordinat tidak disediakan,SRC-LPHS-RSKU-Q1-2025,2025-Q1,Masterlist LPHS Q1 2025 dibekalkan pengguna; project_name_not_provided_in_source,2025-Q1,LPHS baseline,131,"Di Atas Hakmilik GRN 83418 Lot 24219, Fasa 1 Zon 10 C, Bandar Tun Hussein Onn, Mukim Cheras, Daerah Hulu Langat",,
LPHS25-P-132,Rumah Selangorku,,Projek Perancangan MPKj 132,Hulu Langat,MPKj,Semenyih,Suria Villa Sdn. Bhd. (MKH),,,809,,,Dalam Perancangan,,,,,,lokasi/lot daripada masterlist LPHS; koordinat tidak disediakan,SRC-LPHS-RSKU-Q1-2025,2025-Q1,Masterlist LPHS Q1 2025 dibekalkan pengguna; project_name_not_provided_in_source,2025-Q1,LPHS baseline,132,"Di Atas Hakmilik GRN 57715 Lot 1077, GRN 45848 Lot 1936 Dan Sebahagian HSD 120462 PT 29946, Mukim Semenyih, Daerah Hulu Langat",,
LPHS25-P-133,Rumah Selangorku,,Projek Perancangan MPKj 133,Hulu Langat,MPKj,Kajang,Bandar Subang Sdn. Bhd.,,,430,,,Dalam Perancangan,,,,,,lokasi/lot daripada masterlist LPHS; koordinat tidak disediakan,SRC-LPHS-RSKU-Q1-2025,2025-Q1,Masterlist LPHS Q1 2025 dibekalkan pengguna; project_name_not_provided_in_source,2025-Q1,LPHS baseline,133,"Di Atas Hakmilik HSD 189661 PT 88425, GRN 100861 LOT 41507 Seksyen 9 Hingga GRN 100930 Lot 41567 Seksyen 9 Dan Sebahagian Tanah Kerajaan, Mukim Kajang, Daerah Hulu Langat",,
LPHS25-P-134,Rumah Selangorku,,Projek Perancangan MPKj 134,Hulu Langat,MPKj,,Layaran Pintas Sdn. Bhd.,,,600,,,Dalam Perancangan,,,,,,lokasi/lot daripada masterlist LPHS; koordinat tidak disediakan,SRC-LPHS-RSKU-Q1-2025,2025-Q1,Masterlist LPHS Q1 2025 dibekalkan pengguna; project_name_not_provided_in_source,2025-Q1,LPHS baseline,134,"Di Atas Hakmilik HSD 177510 Lot 87335 Dan HSD 177511 Lot 87336, Pekan Sungai Tangkas, Daerah Hulu Langat",,
LPHS25-P-135,Rumah Selangorku,,Projek Perancangan MPKj 135,Hulu Langat,MPKj,Beranang,Knowledge Vision Sdn. Bhd.,,,754,,,Dalam Perancangan,,,,,,lokasi/lot daripada masterlist LPHS; koordinat tidak disediakan,SRC-LPHS-RSKU-Q1-2025,2025-Q1,Masterlist LPHS Q1 2025 dibekalkan pengguna; project_name_not_provided_in_source,2025-Q1,LPHS baseline,135,"Di Atas Hakmilik HSD 177031 PT 19710 Dan HSD 177032 PT 19711, Mukim Beranang, Daerah Hulu Langat",,
LPHS25-P-136,Rumah Selangorku,,Projek Perancangan MPKj 136,Hulu Langat,MPKj,Beranang,Araprop Development Sdn. Bhd.,,,296,,,Dalam Perancangan,,,,,,lokasi/lot daripada masterlist LPHS; koordinat tidak disediakan,SRC-LPHS-RSKU-Q1-2025,2025-Q1,Masterlist LPHS Q1 2025 dibekalkan pengguna; project_name_not_provided_in_source,2025-Q1,LPHS baseline,136,"Di Atas Hakmilik GRN 335526 Lot 44375, Bandar Bukit Mahkota, Mukim Beranang, Daerah Hulu Langat",,
LPHS25-P-137,Rumah Selangorku,,Projek Perancangan MPKj 137,Hulu Langat,MPKj,Cheras,Wira Cheras Development Sdn. Bhd.,,,30,,,Dalam Perancangan,,,,,,lokasi/lot daripada masterlist LPHS; koordinat tidak disediakan,SRC-LPHS-RSKU-Q1-2025,2025-Q1,Masterlist LPHS Q1 2025 dibekalkan pengguna; project_name_not_provided_in_source,2025-Q1,LPHS baseline,137,"Di Atas Hakmilik GM 1115 Lot 1473, Mukim Cheras, Daerah Hulu Langat",,
LPHS25-P-138,Rumah Selangorku,,Projek Perancangan MPKj 138,Hulu Langat,MPKj,Beranang,Boustead Balau Sdn. Bhd.,,,2234,,,Dalam Perancangan,,,,,,lokasi/lot daripada masterlist LPHS; koordinat tidak disediakan,SRC-LPHS-RSKU-Q1-2025,2025-Q1,Masterlist LPHS Q1 2025 dibekalkan pengguna; project_name_not_provided_in_source,2025-Q1,LPHS baseline,138,"Di Atas Hakmilik HSD 184462 Hingga HSD 184556 PT 20192 Hingga PT 20286, Mukim Beranang, Daerah Hulu Langat",,
LPHS25-P-139,Rumah Selangorku,,Projek Perancangan MPKj 139,Hulu Langat,MPKj,Kajang,Modal Ehsan Sdn. Bhd.,,,74,,,Dalam Perancangan,,,,,,lokasi/lot daripada masterlist LPHS; koordinat tidak disediakan,SRC-LPHS-RSKU-Q1-2025,2025-Q1,Masterlist LPHS Q1 2025 dibekalkan pengguna; project_name_not_provided_in_source,2025-Q1,LPHS baseline,139,"Di Atas Hakmilik HSD 87872 PT 57688, Taman Sutera, Mukim Kajang, Daerah Hulu Langat",,
LPHS25-P-140,Rumah Selangorku,,Projek Perancangan MPSp 140,Sepang,MPSp,,Jati Menawan Sdn. Bhd. (Hectare Heights Dev. Sdn. Bhd.),,,388,,,Dalam Perancangan,,,,,,lokasi/lot daripada masterlist LPHS; koordinat tidak disediakan,SRC-LPHS-RSKU-Q1-2025,2025-Q1,Masterlist LPHS Q1 2025 dibekalkan pengguna; project_name_not_provided_in_source,2025-Q1,LPHS baseline,140,"Ke Atas Hakmilik PN 77543 Lot 19617 dan PN 77545 Lot 19619 Di Pekan Baru Salak Tinggi, Daerah Sepang.",,
LPHS25-P-141,Rumah Selangorku,,Projek Perancangan MPSp 141,Sepang,MPSp,Dengkil,Kamso Sdn. Bhd.,,,13,,,Dalam Perancangan,,,,,,lokasi/lot daripada masterlist LPHS; koordinat tidak disediakan,SRC-LPHS-RSKU-Q1-2025,2025-Q1,Masterlist LPHS Q1 2025 dibekalkan pengguna; project_name_not_provided_in_source,2025-Q1,LPHS baseline,141,"Hakmilik PM 4841 Lot 772 Dan PM 4580 Lot 785, Mukim Dengkil, Daerah Sepang.",,
LPHS25-P-142,Rumah Selangorku,,Projek Perancangan MPSp 142,Sepang,MPSp,Dengkil,Semai Ria Sdn. Bhd.,,,480,,,Dalam Perancangan,,,,,,lokasi/lot daripada masterlist LPHS; koordinat tidak disediakan,SRC-LPHS-RSKU-Q1-2025,2025-Q1,Masterlist LPHS Q1 2025 dibekalkan pengguna; project_name_not_provided_in_source,2025-Q1,LPHS baseline,142,"Di Atas PT 50188 HS(D) 36995 Dan PT 50189 HS(D) 36996, Mukim Dengkil, Daerah Sepang.",,
LPHS25-P-143,Rumah Selangorku,,Projek Perancangan MPSp 143,Sepang,MPSp,Dengkil,Lambang Aset Sdn. Bhd. (Permatanah Sdn. Bhd.,,,224,,,Dalam Perancangan,,,,,,lokasi/lot daripada masterlist LPHS; koordinat tidak disediakan,SRC-LPHS-RSKU-Q1-2025,2025-Q1,Masterlist LPHS Q1 2025 dibekalkan pengguna; project_name_not_provided_in_source,2025-Q1,LPHS baseline,143,"Di Atas Hakmilik PN 57892 Lot 42080, PN 57893 Lot 42081 dan PN 57891 Lot 42078 Di Mukim Dengkil, Daerah Sepang.",,
LPHS25-P-144,Rumah Selangorku,,Projek Perancangan MPSp 144,Sepang,MPSp,Dengkil,Kembang Murni Development Sdn. Bhd.,,,178,,,Dalam Perancangan,,,,,,lokasi/lot daripada masterlist LPHS; koordinat tidak disediakan,SRC-LPHS-RSKU-Q1-2025,2025-Q1,Masterlist LPHS Q1 2025 dibekalkan pengguna; district_derived_from_pbt; project_name_not_provided_in_source,2025-Q1,LPHS baseline,144,"Di Atas Hakmilik PN 39615 Lot 35636, 35637, 35638, 35639, 35640, 35641, 35642 Dan PN 39622 Lot 35643 Taman kipark, Mukim Dengkil, Darah Sepang.",,
LPHS25-P-145,Rumah Selangorku,,Projek Perancangan MPSp 145,Sepang,MPSp,Dengkil,Vision Development Concept Sdn. Bhd. (De One Sdn. Bhd.),,,95,,,Dalam Perancangan,,,,,,lokasi/lot daripada masterlist LPHS; koordinat tidak disediakan,SRC-LPHS-RSKU-Q1-2025,2025-Q1,Masterlist LPHS Q1 2025 dibekalkan pengguna; project_name_not_provided_in_source,2025-Q1,LPHS baseline,145,"Di Atas Hakmilik GM 80 Lot 2798, GM 81 Lot 2797 Dan GM 82 Lot 2796 Mukim Dengkil, Daerah Sepang.",,
LPHS25-P-146,Rumah Selangorku,,Projek Perancangan MPSp 146,Sepang,MPSp,Dengkil,Magical Sterling Sdn. Bhd.,,,492,,,Dalam Perancangan,,,,,,lokasi/lot daripada masterlist LPHS; koordinat tidak disediakan,SRC-LPHS-RSKU-Q1-2025,2025-Q1,Masterlist LPHS Q1 2025 dibekalkan pengguna; project_name_not_provided_in_source,2025-Q1,LPHS baseline,146,"Di Atas PT 53294, PT 53295 Dan PT 53296, Mukim Dengkil, Daerah Sepang.",,
LPHS25-P-147,Rumah Selangorku,,Projek Perancangan MPSp 147,Sepang,MPSp,Dengkil,Kumpulan Sakata Sdn. Bhd. (Selangorku Prima),,,624,,,Dalam Perancangan,,,,,,lokasi/lot daripada masterlist LPHS; koordinat tidak disediakan,SRC-LPHS-RSKU-Q1-2025,2025-Q1,Masterlist LPHS Q1 2025 dibekalkan pengguna; project_name_not_provided_in_source,2025-Q1,LPHS baseline,147,"Ke Atas hakmilik HS(M) 4327 Lot 8683, HS(M) 4408 Lot 8684, HS(M) 4387 Lot 8685 Dan HS(M) 4743 Lot 8686, Sungai Merab, Mukim Dengkil, Daerah Sepang.",,
LPHS25-P-148,Rumah Selangorku,,Projek Perancangan MPSp 148,Sepang,MPSp,Dengkil,Oaxis Sdn. Bhd.,,,260,,,Dalam Perancangan,,,,,,lokasi/lot daripada masterlist LPHS; koordinat tidak disediakan,SRC-LPHS-RSKU-Q1-2025,2025-Q1,Masterlist LPHS Q1 2025 dibekalkan pengguna; project_name_not_provided_in_source,2025-Q1,LPHS baseline,148,"Di Atas Hakmilik HS(D) 33974 PT 47051 Dan HS(D)33975 PT 47052, Mukim Dengkil, Daerah Sepang.",,
LPHS25-P-149,Rumah Selangorku,,Projek Perancangan MPSp 149,Sepang,MPSp,Dengkil,Splendid Forte Development Sdn. Bhd. Tuan Tanah : Perbadanan Kemajuan Negeri Selangor (PKNS) Cyber Valley,,,1441,,,Dalam Perancangan,,,,,,lokasi/lot daripada masterlist LPHS; koordinat tidak disediakan,SRC-LPHS-RSKU-Q1-2025,2025-Q1,Masterlist LPHS Q1 2025 dibekalkan pengguna; project_name_not_provided_in_source,2025-Q1,LPHS baseline,149,"Di Atas Hakmilik PN 118853 Lot 120190 Dan PN 114664 Lot 115208, Mukim Dengkil, Daerah Sepang, (Selangor Cyber Valley) Lot 115208 (Plot 1)",,
LPHS25-P-150,Rumah Selangorku,,Projek Perancangan MPSp 150,Sepang,MPSp,Dengkil,Splendid Forte Development Sdn. Bhd. Tuan Tanah : Perbadanan Kemajuan Negeri Selangor (PKNS) Cyber Valley,,,1218,,,Dalam Perancangan,,,,,,lokasi/lot daripada masterlist LPHS; koordinat tidak disediakan,SRC-LPHS-RSKU-Q1-2025,2025-Q1,Masterlist LPHS Q1 2025 dibekalkan pengguna; project_name_not_provided_in_source,2025-Q1,LPHS baseline,150,"Di Atas Hakmilik PN 118853 Lot 120190 Dan PN 114664 Lot 115208, Mukim Dengkil, Daerah Sepang, (Selangor Cyber Valley) Lot 120190 (Plot 2)",,
LPHS25-P-151,Rumah Selangorku,,Projek Perancangan MPSp 151,Sepang,MPSp,Dengkil,Prisma Melati Sdn. Bhd.,,,102,,,Dalam Perancangan,,,,,,lokasi/lot daripada masterlist LPHS; koordinat tidak disediakan,SRC-LPHS-RSKU-Q1-2025,2025-Q1,Masterlist LPHS Q1 2025 dibekalkan pengguna; project_name_not_provided_in_source,2025-Q1,LPHS baseline,151,"Di Atas Tanah Kerajaan Seluas 6.038 Ekar, Mukim Dengkil, Daerah Sepang.",,
LPHS25-P-152,Rumah Selangorku,,Projek Perancangan MPSp 152,Sepang,MPSp,Dengkil,Konsortium PNSB Sdn. Bhd. Tuan tanah : Menteri Besar Selangor (Pemerbadanan) MBI Dahulunya (Xtreme Engineering Sdn. Bhd.),,,289,,,Dalam Perancangan,,,,,,lokasi/lot daripada masterlist LPHS; koordinat tidak disediakan,SRC-LPHS-RSKU-Q1-2025,2025-Q1,Masterlist LPHS Q1 2025 dibekalkan pengguna; project_name_not_provided_in_source,2025-Q1,LPHS baseline,152,"Di Atas Hakmilik GM 7527 Lot 117208, Di Sungai Merab, Mukim Dengkil, Daerah Sepang.",,
LPHS25-P-153,Rumah Selangorku,,Projek Perancangan MPSp 153,Sepang,MPSp,Dengkil,HRA Teguh Sdn. Bhd. SELANGORKU (PPA1M),,,117,,,Dalam Perancangan,,,,,,lokasi/lot daripada masterlist LPHS; koordinat tidak disediakan,SRC-LPHS-RSKU-Q1-2025,2025-Q1,Masterlist LPHS Q1 2025 dibekalkan pengguna; project_name_not_provided_in_source,2025-Q1,LPHS baseline,153,"Ke Atas Hakmilik PM510 Lot 230 Dan PM579 Lot 231 Di Mukim Dengkil, Daerah Sepang.",,
LPHS25-P-154,Rumah Selangorku,,Projek Perancangan MPSp 154,Sepang,MPSp,Dengkil,Initial Force Sdn. Bhd.,,,234,,,Dalam Perancangan,,,,,,lokasi/lot daripada masterlist LPHS; koordinat tidak disediakan,SRC-LPHS-RSKU-Q1-2025,2025-Q1,Masterlist LPHS Q1 2025 dibekalkan pengguna; project_name_not_provided_in_source,2025-Q1,LPHS baseline,154,"Di Atas Hakmilik GRN 291070 Lot 944 Dan HS(D) 711 Lot 945 (PT 173) Di Sungai Merab, Mukim Dengkil Daerah Sepang.",,
LPHS25-P-155,Rumah Selangorku,,Projek Perancangan MPSp 155,Sepang,MPSp,Dengkil,Mitraland Puchong Sdn. Bhd.,,,273,,,Dalam Perancangan,,,,,,lokasi/lot daripada masterlist LPHS; koordinat tidak disediakan,SRC-LPHS-RSKU-Q1-2025,2025-Q1,Masterlist LPHS Q1 2025 dibekalkan pengguna; project_name_not_provided_in_source,2025-Q1,LPHS baseline,155,"Di Atas PT 45378 Hingga PT 45524 dan Sebahagian Tanah Kerajaan, Mukim Dengkil, Daerah Sepang.",,
LPHS25-P-156,Rumah Selangorku,,Projek Perancangan MPSp 156,Sepang,MPSp,Dengkil,Orchard Jaya Development Sdn. Bhd.,,,744,,,Dalam Perancangan,,,,,,lokasi/lot daripada masterlist LPHS; koordinat tidak disediakan,SRC-LPHS-RSKU-Q1-2025,2025-Q1,Masterlist LPHS Q1 2025 dibekalkan pengguna; project_name_not_provided_in_source,2025-Q1,LPHS baseline,156,"Di Atas PT 32535 Hingga PT 32538, Mukim Dengkil, Daerah Sepang.",,
LPHS25-P-157,Rumah Selangorku,,Projek Perancangan MPSp 157,Sepang,MPSp,Dengkil,Usahasama Utama Sdn. Bhd.,,,380,,,Dalam Perancangan,,,,,,lokasi/lot daripada masterlist LPHS; koordinat tidak disediakan,SRC-LPHS-RSKU-Q1-2025,2025-Q1,Masterlist LPHS Q1 2025 dibekalkan pengguna; project_name_not_provided_in_source,2025-Q1,LPHS baseline,157,"Di Taman Putra Impiana Di Atas Lot PT 49685, PT 49687 Dan PT 49688, Mukim Dengkil, Daerah Sepang.",,
LPHS25-P-158,Rumah Selangorku,,Projek Perancangan MPSp 158,Sepang,MPSp,Dengkil,Luxstar Housing Development Sdn. Bhd.,,,850,,,Dalam Perancangan,,,,,,lokasi/lot daripada masterlist LPHS; koordinat tidak disediakan,SRC-LPHS-RSKU-Q1-2025,2025-Q1,Masterlist LPHS Q1 2025 dibekalkan pengguna; project_name_not_provided_in_source,2025-Q1,LPHS baseline,158,"Di Atas Lot No PT 41463 HS(D) 28781, Persiaran Sepang, Cyber 11, Cyberjaya, Mukim Dengkil, Daerah Sepang.",,
LPHS25-P-159,Rumah Selangorku,,Projek Perancangan MPSp 159,Sepang,MPSp,Dengkil,Ecolake Residence Sdn. Bhd. (FASA 3),,,770,,,Dalam Perancangan,,,,,,lokasi/lot daripada masterlist LPHS; koordinat tidak disediakan,SRC-LPHS-RSKU-Q1-2025,2025-Q1,Masterlist LPHS Q1 2025 dibekalkan pengguna; project_name_not_provided_in_source,2025-Q1,LPHS baseline,159,"Di Atas Hakmilik HSD 0964 PT 64501 (Yang Dahulunya Sebahagian Lot 104162), Cybersouth,Mukim Dengkil. Daerah Sepang",,
LPHS25-P-160,Rumah Selangorku,,Projek Perancangan MPSp 160,Sepang,MPSp,Dengkil,OIB Properties PRV Sdn. Bhd. (Konsortium PNSB Construction),,,858,,,Dalam Perancangan,,,,,,lokasi/lot daripada masterlist LPHS; koordinat tidak disediakan,SRC-LPHS-RSKU-Q1-2025,2025-Q1,Masterlist LPHS Q1 2025 dibekalkan pengguna; project_name_not_provided_in_source,2025-Q1,LPHS baseline,160,"Di Atas GRN 322901 Lot 3479, GRN 31479 Lot 1910, GRN 31480 Lot 1911 Dan GM 941 Lot 2378, Mukim Dengkil, Daerah Sepang (MYRA SAUJANA)",,
LPHS25-P-161,Rumah Selangorku,,Projek Perancangan MPSp 161,Sepang,MPSp,Dengkil,Samik Corporation Sdn. Bhd.,,,1324,,,Dalam Perancangan,,,,,,lokasi/lot daripada masterlist LPHS; koordinat tidak disediakan,SRC-LPHS-RSKU-Q1-2025,2025-Q1,Masterlist LPHS Q1 2025 dibekalkan pengguna; project_name_not_provided_in_source,2025-Q1,LPHS baseline,161,"Di Atas Hakmilik HSD 7637 PT 15495,, HSD 7638 PT 15496, HSD 7639 PT 15497 DAN 7640 PT 15498, Mukim Dengkil, Daerah Sepang.",,
LPHS25-P-162,Rumah Selangorku,,Projek Perancangan MPSp 162,Sepang,MPSp,Dengkil,Gethahome Sdn. Bhd.,,,459,,,Dalam Perancangan,,,,,,lokasi/lot daripada masterlist LPHS; koordinat tidak disediakan,SRC-LPHS-RSKU-Q1-2025,2025-Q1,Masterlist LPHS Q1 2025 dibekalkan pengguna; project_name_not_provided_in_source,2025-Q1,LPHS baseline,162,"Di Atas HSD 13127 PT 1805, HSD 13128 PT 1806 Dan HSD 21253 PT 1807, Bandar Baru Salak Tinggi, Mukim Dengkil, Daerah Sepang",,
LPHS25-P-163,Rumah Selangorku,,Projek Perancangan MPSp 163,Sepang,MPSp,Dengkil,Petaling Garden Sdn. Bhd.,,,420,,,Dalam Perancangan,,,,,,lokasi/lot daripada masterlist LPHS; koordinat tidak disediakan,SRC-LPHS-RSKU-Q1-2025,2025-Q1,Masterlist LPHS Q1 2025 dibekalkan pengguna; project_name_not_provided_in_source,2025-Q1,LPHS baseline,163,"Di Atas Sebahagian Lot 30419, Mukim Dengkil, Daerah Sepang, Selangor Darul Ehsan.",,
LPHS25-P-164,Rumah Selangorku,,Projek Perancangan MPSp 164,Sepang,MPSp,Dengkil,Sime Darby Property Berhad (Serenia City),,,4027,,,Dalam Perancangan,,,,,,lokasi/lot daripada masterlist LPHS; koordinat tidak disediakan,SRC-LPHS-RSKU-Q1-2025,2025-Q1,Masterlist LPHS Q1 2025 dibekalkan pengguna; project_name_not_provided_in_source,2025-Q1,LPHS baseline,164,"Di Atas Hakmilik Geran 332536 Lot 115639, Geran 332577 Lot 115643, Geran 332578 Lot 115641, Geran 332579 Lot 115640, Geran 3325 80 Lot 115642, HSD 45573 PT 62727, HSD 45574 PT 62728 Dan HSD 45575 PT 62729, Fasa 1 dan Fasa 2, Perbandaran Serenia City, Ampar Tenang, Mukim Dengkil, Daerah Sepang",,
LPHS25-P-165,Rumah Selangorku,,Projek Perancangan MPSp 165,Sepang,MPSp,Sepang,Sepang Ceramics Industries (M) Sdn. Bhd.,,,196,,,Dalam Perancangan,,,,,,lokasi/lot daripada masterlist LPHS; koordinat tidak disediakan,SRC-LPHS-RSKU-Q1-2025,2025-Q1,Masterlist LPHS Q1 2025 dibekalkan pengguna; project_name_not_provided_in_source,2025-Q1,LPHS baseline,165,"Di Atas Sebahagian Lot 2921, Lot 2922, Lot 1875, Lot 1876 Dan Lot 1877, Sungai Pelek, Mukim Sepang, Daerah Sepang, Selangor Darul Ehsan",,
LPHS25-P-166,Rumah Selangorku,,Projek Perancangan MPSp 166,Petaling,MPSp,Dengkil,Pilihan Teraju Sdn. Bhd.,,,402,,,Dalam Perancangan,,,,,,lokasi/lot daripada masterlist LPHS; koordinat tidak disediakan,SRC-LPHS-RSKU-Q1-2025,2025-Q1,Masterlist LPHS Q1 2025 dibekalkan pengguna; project_name_not_provided_in_source,2025-Q1,LPHS baseline,166,"Di Atas Hakmilik HSD 41575 PT 56025 Dan HSD 41576 PT 56026, Warisan Puteri, Kota Warisan, Mukim Dengkil, Daerah Petaling, Selangor Darul Ehsan (Kota Warisan)",,
LPHS25-P-167,Rumah Selangorku,,Projek Perancangan MPSp 167,Sepang,MPSp,Dengkil,Konsortium PNSB Construction Sdn. Bhd.,,,1048,,,Dalam Perancangan,,,,,,lokasi/lot daripada masterlist LPHS; koordinat tidak disediakan,SRC-LPHS-RSKU-Q1-2025,2025-Q1,Masterlist LPHS Q1 2025 dibekalkan pengguna; project_name_not_provided_in_source,2025-Q1,LPHS baseline,167,"Di Atas Hakmilik PN 110637 Lot 115430 Mukim Dengkil, Daerah Sepang (Cybersouth Kita) Dengkil, (Cybersouth KITA) IDAMAN KITA",,
LPHS25-P-168,Rumah Selangorku,,Projek Perancangan MPSp 168,Sepang,MPSp,,Konsortium PNSB Construction Sdn. Bhd.,,,10516,,,Dalam Perancangan,,,,,,lokasi/lot daripada masterlist LPHS; koordinat tidak disediakan,SRC-LPHS-RSKU-Q1-2025,2025-Q1,Masterlist LPHS Q1 2025 dibekalkan pengguna; district_derived_from_pbt; project_name_not_provided_in_source,2025-Q1,LPHS baseline,168,PT31844 Salak Tinggi,,
LPHS25-P-169,Rumah Selangorku,,Projek Perancangan MPSp 169,Sepang,MPSp,Dengkil,Zestran Sdn. Bhd.,,,140,,,Dalam Perancangan,,,,,,lokasi/lot daripada masterlist LPHS; koordinat tidak disediakan,SRC-LPHS-RSKU-Q1-2025,2025-Q1,Masterlist LPHS Q1 2025 dibekalkan pengguna; project_name_not_provided_in_source,2025-Q1,LPHS baseline,169,"Di Atas Sebahagian Lot Asal 19616, Mukim Dengkil, Daerah Sepang, Selangor Darul Ehsan.",,
LPHS25-P-170,Rumah Selangorku,,Projek Perancangan MPSp 170,Sepang,MPSp,Dengkil,"Taraf Unggul Sdn. Bhd., Ediajaya Sdn. Bhd., Opasjaya Sdn. Bhd., Kubu Integrasi Sdn. Bhd., Rasmajati Sdn. Bhd. Dan Duta Anggun Sdn. Bhd.",,,4120,,,Dalam Perancangan,,,,,,lokasi/lot daripada masterlist LPHS; koordinat tidak disediakan,SRC-LPHS-RSKU-Q1-2025,2025-Q1,Masterlist LPHS Q1 2025 dibekalkan pengguna; project_name_not_provided_in_source,2025-Q1,LPHS baseline,170,"Di Atas PT 21037 H.S.(D) 11761, PT 21038 H.S.(D) 11762, Pt 21040 H.S.(D) 11764, PtT21041 H.S.(D) 11765, PT 21042 H.S.(D) 11766 Dan PT 21043 H.S.(D) 11767, Mukim Dengkil, Daerah Sepang",,
LPHS25-P-171,Rumah Selangorku,,Projek Perancangan MPSp 171,Sepang,MPSp,Dengkil,Jade Classic Sdn. Bhd.,,,334,,,Dalam Perancangan,,,,,,lokasi/lot daripada masterlist LPHS; koordinat tidak disediakan,SRC-LPHS-RSKU-Q1-2025,2025-Q1,Masterlist LPHS Q1 2025 dibekalkan pengguna; project_name_not_provided_in_source,2025-Q1,LPHS baseline,171,"Di Atas Hakmilik PN 122134 Lot 129338, Mukim Dengkil, Daerah Sepang",,
LPHS25-P-172,Rumah Selangorku,,Projek Perancangan MPS 172,Gombak,MPS,Rawang,Sumbang Perkasa Sdn. Bhd. (Kota Damai Padu Sdn. Bhd. ),,,86,,,Dalam Perancangan,,,,,,lokasi/lot daripada masterlist LPHS; koordinat tidak disediakan,SRC-LPHS-RSKU-Q1-2025,2025-Q1,Masterlist LPHS Q1 2025 dibekalkan pengguna; project_name_not_provided_in_source,2025-Q1,LPHS baseline,172,"Hakmilik PT 35427 HS(M) 17342 Sungai Bakau, Mukim Rawang, Daerah Gombak.",,
LPHS25-P-173,Rumah Selangorku,,Projek Perancangan MPS 173,Gombak,MPS,,Adenland Kundang Sdn Bhd,,,400,,,Dalam Perancangan,,,,,,lokasi/lot daripada masterlist LPHS; koordinat tidak disediakan,SRC-LPHS-RSKU-Q1-2025,2025-Q1,Masterlist LPHS Q1 2025 dibekalkan pengguna; project_name_not_provided_in_source,2025-Q1,LPHS baseline,173,"Di Atas Hakmilik HS(D) 79538 PT 8725, Mukim Rawang (Baharu - Pekan Pangkalan Kundang), Daerah Gombak.",,
LPHS25-P-174,Rumah Selangorku,,Projek Perancangan MPS 174,Gombak,MPS,Rawang,Pinggir Mentari Sdn. Bhd. - FASA 1D,,,400,,,Dalam Perancangan,,,,,,lokasi/lot daripada masterlist LPHS; koordinat tidak disediakan,SRC-LPHS-RSKU-Q1-2025,2025-Q1,Masterlist LPHS Q1 2025 dibekalkan pengguna; project_name_not_provided_in_source,2025-Q1,LPHS baseline,174,"Di Atas Hakmilik PM 854 GRN 54445 Lot 1048 Dan Sebahagian Lot 18056, Mukim Rawang, Daerah Gombak.",,
LPHS25-P-175,Rumah Selangorku,,Projek Perancangan MPS 175,Gombak,MPS,,Kumpulan Sri Jayomiesah Sdn. Bhd. (YKT Lands Sdn. Bhd.),,,34,,,Dalam Perancangan,,,,,,lokasi/lot daripada masterlist LPHS; koordinat tidak disediakan,SRC-LPHS-RSKU-Q1-2025,2025-Q1,Masterlist LPHS Q1 2025 dibekalkan pengguna; project_name_not_provided_in_source,2025-Q1,LPHS baseline,175,"Lot 23124, No. Hakmilik 93260, Bandar Kundang, Daerah Gombak.",,
LPHS25-P-176,Rumah Selangorku,,Projek Perancangan MPS 176,Gombak,MPS,,Ratus Bayan Sdn. Bhd.,,,510,,,Dalam Perancangan,,,,,,lokasi/lot daripada masterlist LPHS; koordinat tidak disediakan,SRC-LPHS-RSKU-Q1-2025,2025-Q1,Masterlist LPHS Q1 2025 dibekalkan pengguna; project_name_not_provided_in_source,2025-Q1,LPHS baseline,176,"Di Atas Lot 72504 PN 91970, Taman Raintree, Bandar Selayang, Daerah Gombak.",,
LPHS25-P-177,Rumah Selangorku,,Projek Perancangan MPS 177,Gombak,MPS,Rawang,Hype Park City Sdn. Bhd.,,,272,,,Dalam Perancangan,,,,,,lokasi/lot daripada masterlist LPHS; koordinat tidak disediakan,SRC-LPHS-RSKU-Q1-2025,2025-Q1,Masterlist LPHS Q1 2025 dibekalkan pengguna; project_name_not_provided_in_source,2025-Q1,LPHS baseline,177,"Di Atas Lot 863, Mukim Rawang, Daerah Gombak.",,
LPHS25-P-178,Rumah Selangorku,,Projek Perancangan MPS 178,Gombak,MPS,Rawang,Hong Bee Realty Sdn. Bhd. (Konsortium PNSB Construction),,,2252,,,Dalam Perancangan,,,,,,lokasi/lot daripada masterlist LPHS; koordinat tidak disediakan,SRC-LPHS-RSKU-Q1-2025,2025-Q1,Masterlist LPHS Q1 2025 dibekalkan pengguna; project_name_not_provided_in_source,2025-Q1,LPHS baseline,178,"Di Atas Hakmilik HSD 86853 PT 3281 Mukim Rawang, Daerah Gombak (Guocoland)",,
LPHS25-P-179,Rumah Selangorku,,Projek Perancangan MPS 179,Gombak,MPS,Rawang,Hong Bee Realty Sdn. Bhd.,,,1354,,,Dalam Perancangan,,,,,,lokasi/lot daripada masterlist LPHS; koordinat tidak disediakan,SRC-LPHS-RSKU-Q1-2025,2025-Q1,Masterlist LPHS Q1 2025 dibekalkan pengguna; project_name_not_provided_in_source,2025-Q1,LPHS baseline,179,"Di Atas Sebahagian Lot848 (PT1729), HS(D)58375, Lot997, GRN52207, Lot982, GRN49285 Dan Sebahagian Lot934, GRN51712, Mukim Rawang, Daerah Gombak.",,
LPHS25-P-180,Rumah Selangorku,,Projek Perancangan MPS 180,Gombak,MPS,Rawang,Rasa Anggun Development Sdn. Bhd.,,,240,,,Dalam Perancangan,,,,,,lokasi/lot daripada masterlist LPHS; koordinat tidak disediakan,SRC-LPHS-RSKU-Q1-2025,2025-Q1,Masterlist LPHS Q1 2025 dibekalkan pengguna; project_name_not_provided_in_source,2025-Q1,LPHS baseline,180,"Hakmilik PN 15865 Lot 18059, Mukim Rawang, Daerah Gombak.",,
LPHS25-P-181,Rumah Selangorku,,Projek Perancangan MPS 181,Gombak,MPS,Rawang,Engtex Plantinum Sdn. Bhd.,,,554,,,Dalam Perancangan,,,,,,lokasi/lot daripada masterlist LPHS; koordinat tidak disediakan,SRC-LPHS-RSKU-Q1-2025,2025-Q1,Masterlist LPHS Q1 2025 dibekalkan pengguna; project_name_not_provided_in_source,2025-Q1,LPHS baseline,181,"Ke Atas Hakmilik GRN 44859 Lot 1855, GRN 44860 Lot 1886 Dan GRN 45235 Lot 1888, Mukim Rawang, Daerah Gombak.",,
LPHS25-P-182,Rumah Selangorku,,Projek Perancangan MPS 182,Gombak,MPS,,SSL Capital Sdn. Bhd.,,,165,,,Dalam Perancangan,,,,,,lokasi/lot daripada masterlist LPHS; koordinat tidak disediakan,SRC-LPHS-RSKU-Q1-2025,2025-Q1,Masterlist LPHS Q1 2025 dibekalkan pengguna; project_name_not_provided_in_source,2025-Q1,LPHS baseline,182,"Di Atas Hakmilik PT 1435, Bandar Selayang , Daerah Gombak.",,
LPHS25-P-183,Rumah Selangorku,,Projek Perancangan MPS 183,Gombak,MPS,Rawang,Elite Park Sdn. Bhd. (Mah Sing Group Berhad.),,,244,,,Dalam Perancangan,,,,,,lokasi/lot daripada masterlist LPHS; koordinat tidak disediakan,SRC-LPHS-RSKU-Q1-2025,2025-Q1,Masterlist LPHS Q1 2025 dibekalkan pengguna; project_name_not_provided_in_source,2025-Q1,LPHS baseline,183,"Di Atas Lot 24673 PT 3080, Bandar Kundang, Mukim Rawang, Daerah Gombak.",,
LPHS25-P-184,Rumah Selangorku,,Projek Perancangan MPS 184,Gombak,MPS,Rawang,Perbadanan Kemajuan Negeri Selangor (PKNS)(KP:215),,,215,,,Dalam Perancangan,,,,,,lokasi/lot daripada masterlist LPHS; koordinat tidak disediakan,SRC-LPHS-RSKU-Q1-2025,2025-Q1,Masterlist LPHS Q1 2025 dibekalkan pengguna; project_name_not_provided_in_source,2025-Q1,LPHS baseline,184,"Di Atas Lot 174 (PM6401), 177 (PM6402), 178 (PM6403), 179 (PM6404), 180 (PM6405), 181 (PM6406), 182 (PM6407), 183 (PM6408), 200 (PM6409) Dan 201 (PM6410) Di Kota Puteri, Bandar Batu Arang, Mukim Rawang, Daerah Gombak.",,
LPHS25-P-185,Rumah Selangorku,,Projek Perancangan MPS 185,Gombak,MPS,Rawang,Perbadanan Kemajuan Negeri Selangor (PKNS)(KP:192),,,192,,,Dalam Perancangan,,,,,,lokasi/lot daripada masterlist LPHS; koordinat tidak disediakan,SRC-LPHS-RSKU-Q1-2025,2025-Q1,Masterlist LPHS Q1 2025 dibekalkan pengguna; project_name_not_provided_in_source,2025-Q1,LPHS baseline,185,"Di Atas Lot 174 (PM6401), 177 (PM6402), 178 (PM6403), 179 (PM6404), 180 (PM6405), 181 (PM6406), 182 (PM6407), 183 (PM6408), 200 (PM6409) Dan 201 (PM6410) Di Kota Puteri, Bandar Batu Arang, Mukim Rawang, Daerah Gombak.",,
LPHS25-P-186,Rumah Selangorku,,Projek Perancangan MPS 186,Gombak,MPS,Rawang,Kumpulan Hartanah Selangor Berhad (KHSB) / Perbadanan Kemajuan Negeri Selangor (PKNS)(KP:930) - Seksyen 9,,,930,,,Dalam Perancangan,,,,,,lokasi/lot daripada masterlist LPHS; koordinat tidak disediakan,SRC-LPHS-RSKU-Q1-2025,2025-Q1,Masterlist LPHS Q1 2025 dibekalkan pengguna; project_name_not_provided_in_source,2025-Q1,LPHS baseline,186,"Di Atas Sebahagian Hakmilik PM 640 Lot 200, Seksyen 9, Kota Puteri, Bandar Batu Arang, Mukim Rawang, Daerah Gombak. (Kota Puteri PKNS)",,
LPHS25-P-187,Rumah Selangorku,,Projek Perancangan MPS 187,Gombak,MPS,Rawang,Perbadanan Kemajuan Negeri Selangor (PKNS)(KP)(PEMAJU BINA LEBIH 6 UNIT),,,4665,,,Dalam Perancangan,,,,,,lokasi/lot daripada masterlist LPHS; koordinat tidak disediakan,SRC-LPHS-RSKU-Q1-2025,2025-Q1,Masterlist LPHS Q1 2025 dibekalkan pengguna; project_name_not_provided_in_source,2025-Q1,LPHS baseline,187,"Di Atas Lot 174 (PM6401), 177 (PM6402), 178 (PM6403), 179 (PM6404), 180 (PM6405), 181 (PM6406), 182 (PM6407), 183 (PM6408), 200 (PM6409) Dan 201 (PM6410) Di Kota Puteri, Bandar Batu Arang, Mukim Rawang, Daerah Gombak.",,
LPHS25-P-188,Rumah Selangorku,,Projek Perancangan MPS 188,Gombak,MPS,,Setia Eco Templer Sdn. Bhd.,,,388,,,Dalam Perancangan,,,,,,lokasi/lot daripada masterlist LPHS; koordinat tidak disediakan,SRC-LPHS-RSKU-Q1-2025,2025-Q1,Masterlist LPHS Q1 2025 dibekalkan pengguna; project_name_not_provided_in_source,2025-Q1,LPHS baseline,188,"PN 16838 Lot 614 dan PN 17396 Lot 11, Pekan Templer, Daerah Gombak.",,
LPHS25-P-189,Rumah Selangorku,,Projek Perancangan MPS 189,Gombak,MPS,Rawang,Jelita Megamas Sdn. Bhd.,,,76,,,Dalam Perancangan,,,,,,lokasi/lot daripada masterlist LPHS; koordinat tidak disediakan,SRC-LPHS-RSKU-Q1-2025,2025-Q1,Masterlist LPHS Q1 2025 dibekalkan pengguna; project_name_not_provided_in_source,2025-Q1,LPHS baseline,189,"Di Atas Lot 1327 dan Lot 1328, Kanching, Mukim Rawang, Daerah Gombak.",,
LPHS25-P-190,Rumah Selangorku,,Projek Perancangan MPS 190,Gombak,MPS,Rawang,Jelita Megamas Sdn. Bhd. Dan Encik Zamri Bin Mappul,,,24,,,Dalam Perancangan,,,,,,lokasi/lot daripada masterlist LPHS; koordinat tidak disediakan,SRC-LPHS-RSKU-Q1-2025,2025-Q1,Masterlist LPHS Q1 2025 dibekalkan pengguna; project_name_not_provided_in_source,2025-Q1,LPHS baseline,190,"Di Atas Lot 37440, Kanching, Mukim Rawang, Daerah Gombak.",,
LPHS25-P-191,Rumah Selangorku,,Projek Perancangan MPS 191,Gombak,MPS,Rawang,Ideal Masjaya Sdn. Bhd.,,,60,,,Dalam Perancangan,,,,,,lokasi/lot daripada masterlist LPHS; koordinat tidak disediakan,SRC-LPHS-RSKU-Q1-2025,2025-Q1,Masterlist LPHS Q1 2025 dibekalkan pengguna; project_name_not_provided_in_source,2025-Q1,LPHS baseline,191,"Di Atas PT 38859, Sungai Mangga, Mukim Rawang, Daerah Gombak.",,
LPHS25-P-192,Rumah Selangorku,,Projek Perancangan MPS 192,Gombak,MPS,Rawang,Semai Meranti Sdn. Bhd. (Mah Sing Group Berhad),,,134,,,Dalam Perancangan,,,,,,lokasi/lot daripada masterlist LPHS; koordinat tidak disediakan,SRC-LPHS-RSKU-Q1-2025,2025-Q1,Masterlist LPHS Q1 2025 dibekalkan pengguna; project_name_not_provided_in_source,2025-Q1,LPHS baseline,192,"Di Atas PT2500 dan Pt2501, Mukim Rawang, Daerah Gombak",,
LPHS25-P-193,Rumah Selangorku,,Projek Perancangan MPS 193,Gombak,MPS,Rawang,Scientex Park (M) Sdn. Bhd.,,,140,,,Dalam Perancangan,,,,,,lokasi/lot daripada masterlist LPHS; koordinat tidak disediakan,SRC-LPHS-RSKU-Q1-2025,2025-Q1,Masterlist LPHS Q1 2025 dibekalkan pengguna; project_name_not_provided_in_source,2025-Q1,LPHS baseline,193,"Fasa 2, Di Atas Haknilik HSD 89223 PT 49627, Mukim Rawang, Daerah Gombak. (Rawang)",,
LPHS25-P-194,Rumah Selangorku,,Projek Perancangan MPS 194,Gombak,MPS,Rawang,Scientex Park (M) Sdn. Bhd.,,,764,,,Dalam Perancangan,,,,,,lokasi/lot daripada masterlist LPHS; koordinat tidak disediakan,SRC-LPHS-RSKU-Q1-2025,2025-Q1,Masterlist LPHS Q1 2025 dibekalkan pengguna; project_name_not_provided_in_source,2025-Q1,LPHS baseline,194,"Di Atas Lot 1758, Mukim Rawang, Daerah Gombak (Kundang Jaya)",,
LPHS25-P-195,Rumah Selangorku,,Projek Perancangan MPS 195,Gombak,MPS,Rawang,Bluebros Development Sdn. Bhd.,,,224,,,Dalam Perancangan,,,,,,lokasi/lot daripada masterlist LPHS; koordinat tidak disediakan,SRC-LPHS-RSKU-Q1-2025,2025-Q1,Masterlist LPHS Q1 2025 dibekalkan pengguna; project_name_not_provided_in_source,2025-Q1,LPHS baseline,195,"Di Atas Lot 12148, Mukim Rawang, Daerah Gombak.",,
LPHS25-P-196,Rumah Selangorku,,Projek Perancangan MPS 196,Gombak,MPS,Rawang,Mobile Legacy Sdn. Bhd.,,,100,,,Dalam Perancangan,,,,,,lokasi/lot daripada masterlist LPHS; koordinat tidak disediakan,SRC-LPHS-RSKU-Q1-2025,2025-Q1,Masterlist LPHS Q1 2025 dibekalkan pengguna; project_name_not_provided_in_source,2025-Q1,LPHS baseline,196,"Di Atas HSM 17969 PT 35312 Dan HSM 17970 PT 35313, Mukim Rawang, Daerah Gombak.",,
LPHS25-P-197,Rumah Selangorku,,Projek Perancangan MPS 197,Gombak,MPS,Rawang,Gamuda Land (Botanic) Sdn. Bhd. (dahulunya Bandar Serai Development Sdn. Bhd.),,,1000,,,Dalam Perancangan,,,,,,lokasi/lot daripada masterlist LPHS; koordinat tidak disediakan,SRC-LPHS-RSKU-Q1-2025,2025-Q1,Masterlist LPHS Q1 2025 dibekalkan pengguna; project_name_not_provided_in_source,2025-Q1,LPHS baseline,197,"PN 98720 Lot 24680, Taman Kundang Botanik, Mukim Rawang, Daerah Gombak",,
LPHS25-P-198,Rumah Selangorku,,Projek Perancangan MPS 198,Gombak,MPS,,Gamuda Land (Botanic) Sdn. Bhd.,,,343,,,Dalam Perancangan,,,,,,lokasi/lot daripada masterlist LPHS; koordinat tidak disediakan,SRC-LPHS-RSKU-Q1-2025,2025-Q1,Masterlist LPHS Q1 2025 dibekalkan pengguna; project_name_not_provided_in_source,2025-Q1,LPHS baseline,198,"PN 98720 Lot 24680, Bandar Kundang, Daerah Gombak",,
LPHS25-P-199,Rumah Selangorku,,Projek Perancangan MPS 199,Gombak,MPS,Rawang,Lagenda Nusajaya Sdn. Bhd.,,,14,,,Dalam Perancangan,,,,,,lokasi/lot daripada masterlist LPHS; koordinat tidak disediakan,SRC-LPHS-RSKU-Q1-2025,2025-Q1,Masterlist LPHS Q1 2025 dibekalkan pengguna; project_name_not_provided_in_source,2025-Q1,LPHS baseline,199,"Di Atas Lot 7058, Pt 10945, Lot 86410, Pt 289 Dan Sebahagian Tanah Kerajaan, Mukim Rawang, Daerah Gombak.",,
LPHS25-P-200,Rumah Selangorku,,Projek Perancangan MPS 200,Gombak,MPS,Batu,Nova Century Development Sdn. Bhd.,,,180,,,Dalam Perancangan,,,,,,lokasi/lot daripada masterlist LPHS; koordinat tidak disediakan,SRC-LPHS-RSKU-Q1-2025,2025-Q1,Masterlist LPHS Q1 2025 dibekalkan pengguna; project_name_not_provided_in_source,2025-Q1,LPHS baseline,200,"Di Atas PT 8694, Bandar Selayang, Mukim Batu, Daerah Gombak.",,
LPHS25-P-201,Rumah Selangorku,,Projek Perancangan MPS 201,Gombak,MPS,Batu,First Hallmark Sdn. Bhd.,,,198,,,Dalam Perancangan,,,,,,lokasi/lot daripada masterlist LPHS; koordinat tidak disediakan,SRC-LPHS-RSKU-Q1-2025,2025-Q1,Masterlist LPHS Q1 2025 dibekalkan pengguna; project_name_not_provided_in_source,2025-Q1,LPHS baseline,201,"Di Atas Hakmilik HSM 24592 Lot PT 36826, HSM 24593 PT 36827, HSM 24594 PT 36858, HSM 24595 PT 36829, HSM 24596 PT 36830, HSM 24597 PT 36831, HSM 24598 PT 36832, HSM 24599 PT 36833, HSM 24600 PT 36834, HSM 24601 PT 36835 Dan HSM 24602 PT 36836, Mukim Batu, Daerah Gombak.",,
LPHS25-P-202,Rumah Selangorku,,Projek Perancangan MPS 202,Gombak,MPS,,Maha Harapan Sdn. Bhd.,,,,,,Dalam Perancangan,,,,,,lokasi/lot daripada masterlist LPHS; koordinat tidak disediakan,SRC-LPHS-RSKU-Q1-2025,2025-Q1,Masterlist LPHS Q1 2025 dibekalkan pengguna; project_name_not_provided_in_source; units_not_numeric_or_not_provided,2025-Q1,LPHS baseline,202,"Di Atas Hakmilik HSD 24643 PT 10316, Mukim Rawang (Baharu - Bandar Kundang), Daerah Gombak.",,
LPHS25-P-203,Rumah Selangorku,,Projek Perancangan MPS 203,Gombak,MPS,,"Menteri Besar Selangor (Pemerbadanan), MBI (JV bersama Myra Gardens Sdn. Bhd.)",,,616,,,Dalam Perancangan,,,,,,lokasi/lot daripada masterlist LPHS; koordinat tidak disediakan,SRC-LPHS-RSKU-Q1-2025,2025-Q1,Masterlist LPHS Q1 2025 dibekalkan pengguna; project_name_not_provided_in_source,2025-Q1,LPHS baseline,203,"Di Atas Hakmilik HSD 90426 PT 3720, Pekan Pangkalan Kundang Daerah Gombak.",,
LPHS25-P-204,Rumah Selangorku,,Projek Perancangan MPKL 204,Kuala Langat,MPKL,Bandar,TS Development Sdn. Bhd.,,,109,,,Dalam Perancangan,,,,,,lokasi/lot daripada masterlist LPHS; koordinat tidak disediakan,SRC-LPHS-RSKU-Q1-2025,2025-Q1,Masterlist LPHS Q1 2025 dibekalkan pengguna; project_name_not_provided_in_source,2025-Q1,LPHS baseline,204,"Ke Atas Hakmilik GRN 197482 Lot 2507, Mukim Bandar, Daerah Kuala Langat.",,
LPHS25-P-205,Rumah Selangorku,,Projek Perancangan MPKL 205,Kuala Langat,MPKL,Tanjong Dua Belas,Prominent Xtreme Sdn. Bhd.,,,280,,,Dalam Perancangan,,,,,,lokasi/lot daripada masterlist LPHS; koordinat tidak disediakan,SRC-LPHS-RSKU-Q1-2025,2025-Q1,Masterlist LPHS Q1 2025 dibekalkan pengguna; project_name_not_provided_in_source,2025-Q1,LPHS baseline,205,"Ke Atas Hakmilik PN76217 Lot 23479 Di Bandar Saujana Putra, Mukim Tanjong Dua Belas, Daerah Kuala Langat.",,
LPHS25-P-206,Rumah Selangorku,,Projek Perancangan MPKL 206,Kuala Langat,MPKL,Tanjong Dua Belas,Tropicana Aman Sdn. Bhd.,,,1830,,,Dalam Perancangan,,,,,,lokasi/lot daripada masterlist LPHS; koordinat tidak disediakan,SRC-LPHS-RSKU-Q1-2025,2025-Q1,Masterlist LPHS Q1 2025 dibekalkan pengguna; project_name_not_provided_in_source,2025-Q1,LPHS baseline,206,"Ke Atas PT41336, PT41337, PT 41338, PT41255 dan PT41258, Mukim Tanjong Dua Belas, Daerah Kuala Langat.",,
LPHS25-P-207,Rumah Selangorku,,Projek Perancangan MPKL 207,Kuala Langat,MPKL,Tanjung Dua Belas,Tijani Hills Sdn. Bhd.,,,,,,Dalam Perancangan,,,,,,lokasi/lot daripada masterlist LPHS; koordinat tidak disediakan,SRC-LPHS-RSKU-Q1-2025,2025-Q1,Masterlist LPHS Q1 2025 dibekalkan pengguna; project_name_not_provided_in_source; units_not_numeric_or_not_provided,2025-Q1,LPHS baseline,207,"Di Atas Lot 12193, Mukim Tanjung Dua Belas, Daerah Kuala Langat",,
LPHS25-P-208,Rumah Selangorku,,Projek Perancangan MPKL 208,Kuala Langat,MPKL,Tanjung Dua Belas,"Bandar Rimbayu Sdn. Bhd. (8A2 - 8A6, 8B1 - 8B2) (Konsortium PNSB Construction)",,,2150,,,Dalam Perancangan,,,,,,lokasi/lot daripada masterlist LPHS; koordinat tidak disediakan,SRC-LPHS-RSKU-Q1-2025,2025-Q1,Masterlist LPHS Q1 2025 dibekalkan pengguna; project_name_not_provided_in_source,2025-Q1,LPHS baseline,208,"Di Atas Hakmilik HSD 41696 PT 44090 Dan PN 114780 Lot 75835, Mukim Tanjung Dua Belas, Daerah Kuala Langat (Rimbayu).",,
LPHS25-P-209,Rumah Selangorku,,Projek Perancangan MPKL 209,Kuala Langat,MPKL,Morib,Sentoria Harta Sdn. Bhd. Dan Seriemas Development Sdn. Bhd. (Fasa 1),,,315,,,Dalam Perancangan,,,,,,lokasi/lot daripada masterlist LPHS; koordinat tidak disediakan,SRC-LPHS-RSKU-Q1-2025,2025-Q1,Masterlist LPHS Q1 2025 dibekalkan pengguna; project_name_not_provided_in_source,2025-Q1,LPHS baseline,209,"Di Atas Plot L (Sebahagian Lot PT 1131, Mukim Morib, Daerah Kuala Langat.",,
LPHS25-P-210,Rumah Selangorku,,Projek Perancangan MPKL 210,Kuala Langat,MPKL,Tanjung Dua Belas,Seriemas Development Sdn. Bhd.,,,4219,,,Dalam Perancangan,,,,,,lokasi/lot daripada masterlist LPHS; koordinat tidak disediakan,SRC-LPHS-RSKU-Q1-2025,2025-Q1,Masterlist LPHS Q1 2025 dibekalkan pengguna; project_name_not_provided_in_source,2025-Q1,LPHS baseline,210,"Di Atas Hakmilik HSD 29907 PT 463, HSD 29908 PT 465, HSD 28055 Hingga HSD 28263 PT 30367 Hingga PT 30575, HSD 28463 Hingga HSD 28815 PT 30775 Hingga PT 31033, HSD 28926 Hingga HSD 29852 PT 31144 Hingga PT 32070, HSD 29887 PT 32106, HSD 29889 Hingga HSD 29891 PT 32111 Higga PT 32113, HSD 29892 Hingga HSD 29893 PT 32115 Hingga PT 32116, HSD 29894 PT 32123, HSD 29895 Hingga HSD 29900 PT 32125 Hingga PT 32130, HSD 29902 Hingga HSD 29904 PT 32132 Hingga PT 32134, Lot 44521 Dan Tanah - Tanah Kerajaan, Mukim Tanjung Dua Belas, Daerah Kuala Langat.",,
LPHS25-P-211,Rumah Selangorku,,Projek Perancangan MPKL 211,Kuala Langat,MPKL,Tanjung Dua Belas,Naluri Wijaya Sdn. Bhd.,,,1352,,,Dalam Perancangan,,,,,,lokasi/lot daripada masterlist LPHS; koordinat tidak disediakan,SRC-LPHS-RSKU-Q1-2025,2025-Q1,Masterlist LPHS Q1 2025 dibekalkan pengguna; project_name_not_provided_in_source,2025-Q1,LPHS baseline,211,"Dari HSD 41135 PT 32122 Dan HSD 29914 PT 32124 Ke HSD 41134 PT 32121 Secara Kelompok, Mukim Tanjung Dua Belas, Daerah Kuala Langat, Selangor Darul Ehsan.",,
LPHS25-P-212,Rumah Selangorku,,Projek Perancangan MPKL 212,Kuala Langat,MPKL,Tanjung Dua Belas,Tat Lian Property Sdn. Bhd.,,,12,,,Dalam Perancangan,,,,,,lokasi/lot daripada masterlist LPHS; koordinat tidak disediakan,SRC-LPHS-RSKU-Q1-2025,2025-Q1,Masterlist LPHS Q1 2025 dibekalkan pengguna; project_name_not_provided_in_source,2025-Q1,LPHS baseline,212,"Di Atas Lot 612 (GM 943), Mukim Tanjung Dua Belas, Daerah Kuala Langat.",,
LPHS25-P-213,Rumah Selangorku,,Projek Perancangan MPKL 213,Kuala Langat,MPKL,,PNB Development Sdn. Berhad,,,356,,,Dalam Perancangan,,,,,,lokasi/lot daripada masterlist LPHS; koordinat tidak disediakan,SRC-LPHS-RSKU-Q1-2025,2025-Q1,Masterlist LPHS Q1 2025 dibekalkan pengguna; project_name_not_provided_in_source,2025-Q1,LPHS baseline,213,"Di Atas Lot 15054 - Lot 15063, Lot 15065 - Lot 15067, Lot 15070 - Lot 15072, Lot 15074 - Lot 15092, Lot 15096 - Lot 15097, Lot 15100 - Lot 15101, Lot 15108 - Lot 15121, Lot 15131 - Lot 15137 & Tanah Kerajaan, Pekan Telok Datok, Daerah Kuala Langat. (Fasa 2)",,
LPHS25-P-214,Rumah Selangorku,,Projek Perancangan MPKL 214,Kuala Langat,MPKL,,PNB Development Sdn. Berhad,,,586,,,Dalam Perancangan,,,,,,lokasi/lot daripada masterlist LPHS; koordinat tidak disediakan,SRC-LPHS-RSKU-Q1-2025,2025-Q1,Masterlist LPHS Q1 2025 dibekalkan pengguna; project_name_not_provided_in_source,2025-Q1,LPHS baseline,214,"Di Atas Lot 15054 - Lot 15063, Lot 15065 - Lot 15067, Lot 15070 - Lot 15072, Lot 15074 - Lot 15092, Lot 15096 - Lot 15097, Lot 15100 - Lot 15101, Lot 15108 - Lot 15121, Lot 15131 - Lot 15137 & Tanah Kerajaan, Pekan Telok Datok, Daerah Kuala Langat. (Fasa 3)",,
LPHS25-P-215,Rumah Selangorku,,Projek Perancangan MPKL 215,Kuala Langat,MPKL,Tanjung Dua Belas,Gamuda Land (Kemuning) Sdn. Bhd.,,,210,,,Dalam Perancangan,,,,,,lokasi/lot daripada masterlist LPHS; koordinat tidak disediakan,SRC-LPHS-RSKU-Q1-2025,2025-Q1,Masterlist LPHS Q1 2025 dibekalkan pengguna; project_name_not_provided_in_source,2025-Q1,LPHS baseline,215,"Di Atas Hakmilik PN117426 Lot 75998, Mukim Tanjung Dua Belas, Daerah Kuala Langat.",,
LPHS25-P-216,Rumah Selangorku,,Projek Perancangan MPKL 216,Kuala Langat,MPKL,Teluk Panglima Garang,Harp Soon Construction Sdn. Bhd.,,,11,,,Dalam Perancangan,,,,,,lokasi/lot daripada masterlist LPHS; koordinat tidak disediakan,SRC-LPHS-RSKU-Q1-2025,2025-Q1,Masterlist LPHS Q1 2025 dibekalkan pengguna; project_name_not_provided_in_source,2025-Q1,LPHS baseline,216,"Di Atas Geran 45146 Lot 3008, Mukim Teluk Panglima Garang, Daerah Kuala Langat.",,
LPHS25-P-217,Rumah Selangorku,,Projek Perancangan MPKL 217,Kuala Langat,MPKL,Bandar,"Menteri Besar Selangor (Pemerbadanan), MBI - Kampung Sawah",,,540,,,Dalam Perancangan,,,,,,lokasi/lot daripada masterlist LPHS; koordinat tidak disediakan,SRC-LPHS-RSKU-Q1-2025,2025-Q1,Masterlist LPHS Q1 2025 dibekalkan pengguna; project_name_not_provided_in_source,2025-Q1,LPHS baseline,217,"Di Atas Hakmilik HSD 48663 PT 4306, Kampung Sawah, Mukim Bandar, Daerah Kuala Langat",,
LPHS25-P-218,Rumah Selangorku,,Projek Perancangan MPKL 218,Kuala Langat,MPKL,Tanjung Dua Belas,Gamuda Land (T12) Sdn. Bhd.,,,1404,,,Dalam Perancangan,,,,,,lokasi/lot daripada masterlist LPHS; koordinat tidak disediakan,SRC-LPHS-RSKU-Q1-2025,2025-Q1,Masterlist LPHS Q1 2025 dibekalkan pengguna; project_name_not_provided_in_source,2025-Q1,LPHS baseline,218,"Di Atas Hakmilik PN 98054 Lot 68054, Mukim Tanjung Dua Belas, Daerah Kuala Langat.",,
LPHS25-P-219,Rumah Selangorku,,Projek Perancangan MPKL 219,Kuala Langat,MPKL,Pekan Jenjarom,Beta Fame Sdn. Bhd.,,,540,,,Dalam Perancangan,,,,,,lokasi/lot daripada masterlist LPHS; koordinat tidak disediakan,SRC-LPHS-RSKU-Q1-2025,2025-Q1,Masterlist LPHS Q1 2025 dibekalkan pengguna; project_name_not_provided_in_source,2025-Q1,LPHS baseline,219,"Di Atas Hakmilik HSD 43770 PT 2503 Dan HSD 43767 PT 2498, Mukim Pekan Jenjarom, Daerah Kuala Langat.",,
LPHS25-P-220,Rumah Selangorku,,Projek Perancangan MPKS 220,Kuala Selangor,MPKS,,Kumpulan Hartanah Selangor Sdn. Bhd. (SAP Holding Berhad ),,,91,,,Dalam Perancangan,,,,,,lokasi/lot daripada masterlist LPHS; koordinat tidak disediakan,SRC-LPHS-RSKU-Q1-2025,2025-Q1,Masterlist LPHS Q1 2025 dibekalkan pengguna; project_name_not_provided_in_source,2025-Q1,LPHS baseline,220,"HS(D) 5289 PT 620 Dan HS(D) 5290 PT 621 Bandar Kuala Selangor, Daerah Kuala Selangor.",,
LPHS25-P-221,Rumah Selangorku,,Projek Perancangan MPKS 221,Kuala Selangor,MPKS,,Goldpage Assets Sdn. Bhd. (Pemaju Baru Geostream Sdn. Bhd.),,,272,,,Dalam Perancangan,,,,,,lokasi/lot daripada masterlist LPHS; koordinat tidak disediakan,SRC-LPHS-RSKU-Q1-2025,2025-Q1,Masterlist LPHS Q1 2025 dibekalkan pengguna; project_name_not_provided_in_source,2025-Q1,LPHS baseline,221,"Di Atas Sebahagian PT 442, PT 443 Dan PT 444, Seksyen 1, Pekan Pasir Penambang, Daerah Kuala Selangor.",,
LPHS25-P-222,Rumah Selangorku,,Projek Perancangan MPKS 222,Kuala Selangor,MPKS,Hujung Permatang,"Sejati Inti Sdn. Bhd. (pemaju baru), 1st Mals Development (M) Sdn. Bhd. (pemaju lama) - (Pemegang suratkuasa wakil kepada Tan Ah Ngow)",,,75,,,Dalam Perancangan,,,,,,lokasi/lot daripada masterlist LPHS; koordinat tidak disediakan,SRC-LPHS-RSKU-Q1-2025,2025-Q1,Masterlist LPHS Q1 2025 dibekalkan pengguna; project_name_not_provided_in_source,2025-Q1,LPHS baseline,222,"Hakmilik GRN 97456 Lot 8592 Mukim Hujung Permatang, Daerah Kuala Selangor",,
LPHS25-P-223,Rumah Selangorku,,Projek Perancangan MPKS 223,Kuala Selangor,MPKS,Ijok,Permodalan Negeri Selangor Berhad (PNSB) (FASA 1A),,,80,,,Dalam Perancangan,,,,,,lokasi/lot daripada masterlist LPHS; koordinat tidak disediakan,SRC-LPHS-RSKU-Q1-2025,2025-Q1,Masterlist LPHS Q1 2025 dibekalkan pengguna; project_name_not_provided_in_source,2025-Q1,LPHS baseline,223,"Di Atas PT 32308 Dan PT 32309, Mukim Ijok, Daerah Kuala Selangor.",,
LPHS25-P-224,Rumah Selangorku,,Projek Perancangan MPKS 224,Kuala Selangor,MPKS,Ijok,Permodalan Negeri Selangor Berhad (PNSB) (FASA 1B),,,80,,,Dalam Perancangan,,,,,,lokasi/lot daripada masterlist LPHS; koordinat tidak disediakan,SRC-LPHS-RSKU-Q1-2025,2025-Q1,Masterlist LPHS Q1 2025 dibekalkan pengguna; project_name_not_provided_in_source,2025-Q1,LPHS baseline,224,"Di Atas PT 32308 Dan PT 32309, Mukim Ijok, Daerah Kuala Selangor.",,
LPHS25-P-225,Rumah Selangorku,,Projek Perancangan MPKS 225,Kuala Selangor,MPKS,Ijok,Kemudi Ehsan Sdn. Bhd.,,,747,,,Dalam Perancangan,,,,,,lokasi/lot daripada masterlist LPHS; koordinat tidak disediakan,SRC-LPHS-RSKU-Q1-2025,2025-Q1,Masterlist LPHS Q1 2025 dibekalkan pengguna; project_name_not_provided_in_source,2025-Q1,LPHS baseline,225,"Di Atas Sebahagian Lot 44927, Bandar Alam Perdana, Mukim Ijok, Daerah Kuala Selangor.",,
LPHS25-P-226,Rumah Selangorku,,Projek Perancangan MPKS 226,Kuala Selangor,MPKS,Ijok,Konsortium PNSB Constuction (Worldwide Property Management Sdn. Bhd.),,,1349,,,Dalam Perancangan,,,,,,lokasi/lot daripada masterlist LPHS; koordinat tidak disediakan,SRC-LPHS-RSKU-Q1-2025,2025-Q1,Masterlist LPHS Q1 2025 dibekalkan pengguna; project_name_not_provided_in_source,2025-Q1,LPHS baseline,226,"Di Atas PT 28593, PT 28594, PT 28595, PT 27896 dan Lot 4288, Mukim Ijok, Daerah Kuala Selangor (Alam Perdana Worldwide)",,
LPHS25-P-227,Rumah Selangorku,,Projek Perancangan MPKS 227,Kuala Selangor,MPKS,Ijok,Hillpark Resources Sdn. Bhd. Dahulu Dikenali Puncak Alam Resources Sdn. Bhd. (TM Facilities Sdn. Bhd.),,,651,,,Dalam Perancangan,,,,,,lokasi/lot daripada masterlist LPHS; koordinat tidak disediakan,SRC-LPHS-RSKU-Q1-2025,2025-Q1,Masterlist LPHS Q1 2025 dibekalkan pengguna; project_name_not_provided_in_source,2025-Q1,LPHS baseline,227,"Di Atas Hakmilik HSD 294490 PT 41428 (Plot 1), HSD 294491 PT 41429 (Plot 2) Dan HSD 294492 PT 41430 (Plot 3), Bandar Puncak Alam, Mukim Ijok, Daerah Kuala Selangor.",,
LPHS25-P-228,Rumah Selangorku,,Projek Perancangan MPKS 228,Kuala Selangor,MPKS,Ijok Dan Mukim Jeram,Hillpark Resources Sdn. Bhd. Dahulu Dikenali Puncak Alam Resources Sdn. Bhd. (TM Facilities Sdn. Bhd.),,,180,,,Dalam Perancangan,,,,,,lokasi/lot daripada masterlist LPHS; koordinat tidak disediakan,SRC-LPHS-RSKU-Q1-2025,2025-Q1,Masterlist LPHS Q1 2025 dibekalkan pengguna; project_name_not_provided_in_source,2025-Q1,LPHS baseline,228,"HS(D) 1877 PT 834 Dan HS(D) 1878 PT 1092 Mukim Ijok Dan Mukim Jeram, Bandar Puncak Alam, Daerah Kuala Selangor.(PLOT4)",,
LPHS25-P-229,Rumah Selangorku,,Projek Perancangan MPKS 229,Kuala Selangor,MPKS,Ijok,KL-Kepong Country Homes Sdn. Bhd.,,,631,,,Dalam Perancangan,,,,,,lokasi/lot daripada masterlist LPHS; koordinat tidak disediakan,SRC-LPHS-RSKU-Q1-2025,2025-Q1,Masterlist LPHS Q1 2025 dibekalkan pengguna; project_name_not_provided_in_source,2025-Q1,LPHS baseline,229,"Di Atas Lot 851, Geran 39815, Mukim Ijok Daerah Kuala Selangor.",,
LPHS25-P-230,Rumah Selangorku,,Projek Perancangan MPKS 230,Kuala Selangor,MPKS,Ijok,Elmina Equestrian Sdn. Bhd.,,,343,,,Dalam Perancangan,,,,,,lokasi/lot daripada masterlist LPHS; koordinat tidak disediakan,SRC-LPHS-RSKU-Q1-2025,2025-Q1,Masterlist LPHS Q1 2025 dibekalkan pengguna; project_name_not_provided_in_source,2025-Q1,LPHS baseline,230,"Di Atas Lot Asal PT 2144, Mukim Ijok, Daerah Kuala Selangor.",,
LPHS25-P-231,Rumah Selangorku,,Projek Perancangan MPKS 231,Kuala Selangor,MPKS,Ijok,KLK Park Homes Sdn. Bhd.,,,308,,,Dalam Perancangan,,,,,,lokasi/lot daripada masterlist LPHS; koordinat tidak disediakan,SRC-LPHS-RSKU-Q1-2025,2025-Q1,Masterlist LPHS Q1 2025 dibekalkan pengguna; project_name_not_provided_in_source,2025-Q1,LPHS baseline,231,"Di Atas Lot 2740, Mukim Ijok, Daerah Kuala Selangor.-Caledonia",,
LPHS25-P-232,Rumah Selangorku,,Projek Perancangan MPKS 232,Kuala Selangor,MPKS,Ijok,KLK Park Homes Sdn. Bhd.,,,154,,,Dalam Perancangan,,,,,,lokasi/lot daripada masterlist LPHS; koordinat tidak disediakan,SRC-LPHS-RSKU-Q1-2025,2025-Q1,Masterlist LPHS Q1 2025 dibekalkan pengguna; project_name_not_provided_in_source,2025-Q1,LPHS baseline,232,"Di Atas Sebahagian GRN 331616 Lot 33697, Mukim Ijok, Daerah Kuala Selangor. (Plot 1-Caledonia)",,
LPHS25-P-233,Rumah Selangorku,,Projek Perancangan MPKS 233,Kuala Selangor,MPKS,Ijok,KLK Park Homes Sdn. Bhd.,,,312,,,Dalam Perancangan,,,,,,lokasi/lot daripada masterlist LPHS; koordinat tidak disediakan,SRC-LPHS-RSKU-Q1-2025,2025-Q1,Masterlist LPHS Q1 2025 dibekalkan pengguna; project_name_not_provided_in_source,2025-Q1,LPHS baseline,233,"Di Atas Sebahagian GRN 331616 Lot 33697, Mukim Ijok, Daerah Kuala Selangor.(Plot 1-Caledonia)",,
LPHS25-P-234,Rumah Selangorku,,Projek Perancangan MPKS 234,Kuala Selangor,MPKS,Ijok,KLK Park Homes Sdn. Bhd.,,,334,,,Dalam Perancangan,,,,,,lokasi/lot daripada masterlist LPHS; koordinat tidak disediakan,SRC-LPHS-RSKU-Q1-2025,2025-Q1,Masterlist LPHS Q1 2025 dibekalkan pengguna; project_name_not_provided_in_source,2025-Q1,LPHS baseline,234,"Di Atas Hakmilik HSD 304159 PT 47627 Dan HSD 304160 PT 47628, Mukim Ijok, Daerah Kuala Selangor.",,
LPHS25-P-235,Rumah Selangorku,,Projek Perancangan MPKS 235,Kuala Selangor,MPKS,Ijok,KLK Park Homes Sdn. Bhd.,,,368,,,Dalam Perancangan,,,,,,lokasi/lot daripada masterlist LPHS; koordinat tidak disediakan,SRC-LPHS-RSKU-Q1-2025,2025-Q1,Masterlist LPHS Q1 2025 dibekalkan pengguna; project_name_not_provided_in_source,2025-Q1,LPHS baseline,235,"Di Atas Hakmilik HSD 304159 PT 47627 Dan HSD 304160 PT 47628, Mukim Ijok, Daerah Kuala Selangor.",,
LPHS25-P-236,Rumah Selangorku,,Projek Perancangan MPKS 236,Kuala Selangor,MPKS,Ijok,Paragon Pinnacle Sdn. Bhd.,,,4637,,,Dalam Perancangan,,,,,,lokasi/lot daripada masterlist LPHS; koordinat tidak disediakan,SRC-LPHS-RSKU-Q1-2025,2025-Q1,Masterlist LPHS Q1 2025 dibekalkan pengguna; project_name_not_provided_in_source,2025-Q1,LPHS baseline,236,"Di Atas Hakmilik HSD 294321 PT 41235, HSD 294322 PT 41236, HSD 294323 PT 41237, HSD 297264 PT 42467 Dan HSD 297265 PT 42468, Eco Grandeur, Mukim Ijok, Daerah Kuala Selangor.",,
LPHS25-P-237,Rumah Selangorku,,Projek Perancangan MPKS 237,Kuala Selangor,MPKS,Ijok,Jernih Kejora Sdn. Bhd.,,,156,,,Dalam Perancangan,,,,,,lokasi/lot daripada masterlist LPHS; koordinat tidak disediakan,SRC-LPHS-RSKU-Q1-2025,2025-Q1,Masterlist LPHS Q1 2025 dibekalkan pengguna; project_name_not_provided_in_source,2025-Q1,LPHS baseline,237,"Di Atas Lot 559, Mukim Ijok, Daerah Kuala Selangor.",,
LPHS25-P-238,Rumah Selangorku,,Projek Perancangan MPKS 238,Kuala Selangor,MPKS,,Selangor Industrial Corporation Sdn. Bhd.,,,71,,,Dalam Perancangan,,,,,,lokasi/lot daripada masterlist LPHS; koordinat tidak disediakan,SRC-LPHS-RSKU-Q1-2025,2025-Q1,Masterlist LPHS Q1 2025 dibekalkan pengguna; project_name_not_provided_in_source,2025-Q1,LPHS baseline,238,"Di Atas Hakmilik HSD 283107 PT 73 Seksyen 11, Bandar Kuala Selangor, Daerah Kuala Selangor.",,
LPHS25-P-239,Rumah Selangorku,,Projek Perancangan MPHS 239,Hulu Selangor,MPHS,,Dato’ Liew Choo,,,11,,,Dalam Perancangan,,,,,,lokasi/lot daripada masterlist LPHS; koordinat tidak disediakan,SRC-LPHS-RSKU-Q1-2025,2025-Q1,Masterlist LPHS Q1 2025 dibekalkan pengguna; project_name_not_provided_in_source,2025-Q1,LPHS baseline,239,"Ke Atas Hakmilik HS(D) 4108 PT 1738, Bandar Kuala Kubu Bharu, Daerah Hulu Selangor.",,
LPHS25-P-240,Rumah Selangorku,,Projek Perancangan MPHS 240,Hulu Selangor,MPHS,Serendah,Medan Prestasi Sdn. Bhd. (Fasa 5),,,309,,,Dalam Perancangan,,,,,,lokasi/lot daripada masterlist LPHS; koordinat tidak disediakan,SRC-LPHS-RSKU-Q1-2025,2025-Q1,Masterlist LPHS Q1 2025 dibekalkan pengguna; project_name_not_provided_in_source,2025-Q1,LPHS baseline,240,"Ke Atas PT 12034, PT12035, PT12036, PT 12037, PT 12038, PT 12039, PT 12040, PT 12041 Dan PT 13777, Taman Bunga Raya, Mukim Serendah, Daerah Hulu Selangor.",,
LPHS25-P-241,Rumah Selangorku,,Projek Perancangan MPHS 241,Hulu Selangor,MPHS,Serendah,Medan Prestasi Sdn. Bhd. (Fasa 6),,,204,,,Dalam Perancangan,,,,,,lokasi/lot daripada masterlist LPHS; koordinat tidak disediakan,SRC-LPHS-RSKU-Q1-2025,2025-Q1,Masterlist LPHS Q1 2025 dibekalkan pengguna; project_name_not_provided_in_source,2025-Q1,LPHS baseline,241,"Ke Atas PT 12034, PT12035, PT12036, PT 12037, PT 12038, PT 12039, PT 12040, PT 12041 Dan PT 13777, Taman Bunga Raya, Mukim Serendah, Daerah Hulu Selangor.",,
LPHS25-P-242,Rumah Selangorku,,Projek Perancangan MPHS 242,Hulu Selangor,MPHS,Serendah,Lindungan Services Sdn. Bhd.,,,36,,,Dalam Perancangan,,,,,,lokasi/lot daripada masterlist LPHS; koordinat tidak disediakan,SRC-LPHS-RSKU-Q1-2025,2025-Q1,Masterlist LPHS Q1 2025 dibekalkan pengguna; project_name_not_provided_in_source,2025-Q1,LPHS baseline,242,"Di Atas Lot 2984 dan Lot 2985, Sungai Chu, Mukim Serendah, Daerah Hulu Selangor",,
LPHS25-P-243,Rumah Selangorku,,Projek Perancangan MPHS 243,Hulu Selangor,MPHS,Batang Kali,Perbadanan Kemajuan Negeri Selangor (PKNS),,,6,,,Dalam Perancangan,,,,,,lokasi/lot daripada masterlist LPHS; koordinat tidak disediakan,SRC-LPHS-RSKU-Q1-2025,2025-Q1,Masterlist LPHS Q1 2025 dibekalkan pengguna; project_name_not_provided_in_source,2025-Q1,LPHS baseline,243,"Ke Atas Hakmilik PN 104069 Lot 18977, Taman Keruing Rasa, Mukim Batang Kali Daerah Hulu Selangor.",,
LPHS25-P-244,Rumah Selangorku,,Projek Perancangan MPHS 244,Hulu Selangor,MPHS,Hulu Yam,CLH Development Sdn. Bhd. (Tuan tanah : Sri Pelangi Construction Sd. Bhd.),,,80,,,Dalam Perancangan,,,,,,lokasi/lot daripada masterlist LPHS; koordinat tidak disediakan,SRC-LPHS-RSKU-Q1-2025,2025-Q1,Masterlist LPHS Q1 2025 dibekalkan pengguna; project_name_not_provided_in_source,2025-Q1,LPHS baseline,244,"Di Atas Sebahagian Lot 2434, Mukim Hulu Yam, Daerah Hulu Selangor.",,
LPHS25-P-245,Rumah Selangorku,,Projek Perancangan MPHS 245,Hulu Selangor,MPHS,,Nadi Embun Sdn. Bhd.,,,379,,,Dalam Perancangan,,,,,,lokasi/lot daripada masterlist LPHS; koordinat tidak disediakan,SRC-LPHS-RSKU-Q1-2025,2025-Q1,Masterlist LPHS Q1 2025 dibekalkan pengguna; project_name_not_provided_in_source,2025-Q1,LPHS baseline,245,"Di Atas Hakmilik HSD 8106 PT 9701 Dan HSD 53082 PT 16481, Bandar Serendah, Daerah Hulu Selangor.",,
LPHS25-P-246,Rumah Selangorku,,Projek Perancangan MPHS 246,Hulu Selangor,MPHS,Ulu Yam,Pembinaan Uselmaju Sdn. Bhd.,,,71,,,Dalam Perancangan,,,,,,lokasi/lot daripada masterlist LPHS; koordinat tidak disediakan,SRC-LPHS-RSKU-Q1-2025,2025-Q1,Masterlist LPHS Q1 2025 dibekalkan pengguna; project_name_not_provided_in_source,2025-Q1,LPHS baseline,246,"Di Atas Hakmilik GM 6131 Lot 417, GM 5037 Lot 418, GM 5035 Lot 930 Dan GM 5036 Lot 931, Mukim Ulu Yam, Daerah Hulu Selangor.",,
LPHS25-P-247,Rumah Selangorku,,Projek Perancangan MPHS 247,Hulu Selangor,MPHS,,Panca Resmi Sdn. Bhd.,,,150,,,Dalam Perancangan,,,,,,lokasi/lot daripada masterlist LPHS; koordinat tidak disediakan,SRC-LPHS-RSKU-Q1-2025,2025-Q1,Masterlist LPHS Q1 2025 dibekalkan pengguna; project_name_not_provided_in_source,2025-Q1,LPHS baseline,247,"Di Atas Lot 4465 Dan Sebahagian Lot 41345 (Lot Lama 4463), Bandar Serendah, Daerah Hulu Selangor.",,
LPHS25-P-248,Rumah Selangorku,,Projek Perancangan MPHS 248,Hulu Selangor,MPHS,Kuala Kalumpang,Kumpulan Hartanah Selangor Berhad (KHSB) / Blossom Eastland Sdn. Bhd. (JV),,,2254,,,Dalam Perancangan,,,,,,lokasi/lot daripada masterlist LPHS; koordinat tidak disediakan,SRC-LPHS-RSKU-Q1-2025,2025-Q1,Masterlist LPHS Q1 2025 dibekalkan pengguna; project_name_not_provided_in_source,2025-Q1,LPHS baseline,248,"Di Atas Hakmilik PN 117728 Lot 13663, Mukim Kuala Kalumpang, Daerah Hulu Selangor.",,
LPHS25-P-249,Rumah Selangorku,,Projek Perancangan MPHS 249,Hulu Selangor,MPHS,Hulu Yam,Kumpulan Hartanah Selangor Berhad,,,4500,,,Dalam Perancangan,,,,,,lokasi/lot daripada masterlist LPHS; koordinat tidak disediakan,SRC-LPHS-RSKU-Q1-2025,2025-Q1,Masterlist LPHS Q1 2025 dibekalkan pengguna; project_name_not_provided_in_source,2025-Q1,LPHS baseline,249,"Di Atas Hakmilik PN 8029 Lot 4630, Mukim Hulu Yam, Daerah Hulu Selangor.",,
LPHS25-P-250,Rumah Selangorku,,Projek Perancangan MPHS 250,Hulu Selangor,MPHS,Ampang Pecah,Parade Design Sdn. Bhd.,,,210,,,Dalam Perancangan,,,,,,lokasi/lot daripada masterlist LPHS; koordinat tidak disediakan,SRC-LPHS-RSKU-Q1-2025,2025-Q1,Masterlist LPHS Q1 2025 dibekalkan pengguna; project_name_not_provided_in_source,2025-Q1,LPHS baseline,250,"Di Atas HSD 52804 PT 9613 (Lot Lama 332), Mukim Ampang Pecah, Daerah Hulu Selangor.",,
LPHS25-P-251,Rumah Selangorku,,Projek Perancangan MDSB 251,Sabak Bernam,MDSB,Pancang Bedena,Menteri Besar Incorporated (MBI) / Permodalan Negeri Selangor Berhad (PNSB) Fasa 4,,,26,,,Dalam Perancangan,,,,,,lokasi/lot daripada masterlist LPHS; koordinat tidak disediakan,SRC-LPHS-RSKU-Q1-2025,2025-Q1,Masterlist LPHS Q1 2025 dibekalkan pengguna; project_name_not_provided_in_source,2025-Q1,LPHS baseline,251,"Lot 37343, PN 111691 (PT 8228, HSD 4602) Mukim Pancang Bedena, Daerah Sabak Bernam (Taman Air Manis)",,
LPHS25-P-252,Rumah Selangorku,,Projek Perancangan MDSB 252,Sabak Bernam,MDSB,Sabak,Lian Soon Thiam Sdn. Bhd. Dan Larisan Maju Sdn. Bhd.,,,24,,,Dalam Perancangan,,,,,,lokasi/lot daripada masterlist LPHS; koordinat tidak disediakan,SRC-LPHS-RSKU-Q1-2025,2025-Q1,Masterlist LPHS Q1 2025 dibekalkan pengguna; project_name_not_provided_in_source,2025-Q1,LPHS baseline,252,"Di Lot 20275, GM7382, Mukim Sabak, Daerah Sabak Bernam.",,
IDM-C-001,Rumah Idaman Selangor,Idaman Kajang 2,Idaman Kajang 2,,,,,E Khas,,,,250000,Siap Dibina,100,,,,,belum disahkan,SRC-DUN-IDAMAN-2026,2026-04,Nama projek & status rasmi; unit individu belum tersedia,2026,Verified 2026 update,,,,
IDM-C-002,Rumah Idaman Selangor,Idaman BSP,Idaman BSP,Kuala Langat,MPKL,Tanjung Dua Belas,Seribu Baiduri Sdn. Bhd. (LBS Bina Group Berhad) (Konsortium PNSB Construction),E Khas,,1312,,250000,Siap Dibina,100,,,,,belum disahkan,SRC-DUN-IDAMAN-2026,2026-04,Nama projek & status rasmi; unit individu belum tersedia,2026,Verified 2026 update,,"Di Atas Lot 32884, 32885 & 62611 (32886), Bandar Saujana Putra, Mukim Tanjung Dua Belas, Daerah Kuala Langat, Selangor Darul Ehsan.",LPHS25-C-102,LPHS Q1 2025 match used only to enrich location/PBT/context; 2026 source remains authoritative for 2026 status/KPI.
IDM-C-003,Rumah Idaman Selangor,Idaman Bukit Jelutong,Idaman Bukit Jelutong,Petaling,MBSA,Damansara,Nadi Emery Sdn Bhd,E Khas,Pangsapuri,1260,250000,250000,Siap Dibina,100,,,,,belum disahkan,SRC-DUN-IDAMAN-2026,2026-04,"Nama projek & status rasmi; butiran pemaju/harga disokong laman projek, unit individu tidak digunakan dalam KPI",2026,Verified 2026 update,,"Di Atas Hakmilik GRN 74722 Lot 78637, Seksyen U8, Bukit Jelutong, Shah Alam, Mukim Damansara, Daerah Petaling.",LPHS25-U-001,LPHS Q1 2025 match used only to enrich location/PBT/context; 2026 source remains authoritative for 2026 status/KPI.
IDM-C-004,Rumah Idaman Selangor,Idaman Melur,Idaman Melur,Sepang,MPSp,Dengkil,Konsortium PNSB Constuction Idaman Living Sdn. Bhd. Dahulunya Eco Green City Sdn. Bhd. (Cybersouth MCT) (FASA 1A),E Khas,,1448,,250000,Siap Dibina,100,,,2.86579,101.655352,koordinat laman projek (bukan LPHS),SRC-DUN-IDAMAN-2026,2026-04,Status rasmi; koordinat sokongan laman projek bukan sumber LPHS,2026,Verified 2026 update,,"Di Atas Sebahagian Lot 104163, Mukim Dengkil. Daerah Sepang (IDAMAN MELUR)",LPHS25-U-038,LPHS Q1 2025 match used only to enrich location/PBT/context; 2026 source remains authoritative for 2026 status/KPI.
IDM-C-005,Rumah Idaman Selangor,Idaman Taman Air Manis,Idaman Taman Air Manis,Sabak Bernam,MDSB,Pancang Bedena,,E Khas,,,,250000,Siap Dibina,100,,,,,belum disahkan,SRC-DUN-IDAMAN-2026,2026-04,Nama projek & status rasmi; unit individu belum tersedia,2026,Verified 2026 update,,"Lot 37343, PN 111691 (PT 8228, HSD 4602) Mukim Pancang Bedena, Daerah Sabak Bernam (Taman Air Manis)",LPHS25-U-059;LPHS25-U-060;LPHS25-P-251,LPHS Q1 2025 match used only to enrich location/PBT/context; 2026 source remains authoritative for 2026 status/KPI.
IDM-C-006,Rumah Idaman Selangor,Idaman Cahaya,Idaman Cahaya,Petaling,MBSA,Bukit Raja,,E Khas,,,,250000,Siap Dibina,100,,,,,belum disahkan,SRC-DUN-IDAMAN-2026,2026-04,Nama projek & status rasmi; unit individu belum tersedia,2026,Verified 2026 update,,"Di Atas Hakmilik PN81867 Lot 4006, PN81869 Lot 4010 Dan PN83453 Lot 5530 Di Taman Cahaya Alam, Seksyen U12 Shah Alam, Mukim Bukit Raja, Daerah Petaling. IDAMAN CAHAYA 1 | Di Atas Hakmilik PN81867 Lot 4006, PN81869 Lot 4010 Dan PN83453 Lot 5530 Di Taman Cahaya Alam, Seksyen U12 Shah Alam, Mukim Bukit Raja, Daerah Petaling. IDAMAN CAHAYA 2 | Di Atas Hakmilik PN81867 Lot 4006, PN81869 Lot 4010 Dan PN83453 Lot 5530 Di Taman Cahaya Alam, Seksyen U12 Shah Alam, Mukim Bukit Raja, Daerah Petaling. IDAMAN CAHAYA 3",LPHS25-U-003;LPHS25-U-004;LPHS25-P-016,LPHS Q1 2025 match used only to enrich location/PBT/context; 2026 source remains authoritative for 2026 status/KPI.
IDM-U-001,Rumah Idaman Selangor,Idaman Kwasa / Kwasa Land (MBSA),Idaman Kwasa / Kwasa Land (MBSA),Petaling,MBSA,Sungai Buloh,Konsortium PNSB Construction,E Khas,Pangsapuri,4694,250000,250000,Dalam Pembinaan,,Plot 1: 2027; Plot 2: 2029,,,,daerah rasmi; koordinat projek belum disahkan,SRC-IDAMAN-PIPELINE-2026,2026-05,"Rasmi 2026: 4,694 unit (Plot 1 1,669; Plot 2 3,025)",2026,Verified 2026 update,,"Di Atas Hakmilik GRN 335272 Lot 87230, Mukim Sungai Buloh, Daerah Petaling, Selangor Darul Ehsan. (KWASA MBSA) | Di Atas Hakmilik GRN 335272 Lot 87230, GRN 335259 Lot 87233 Dan GRN 335305 Lot 87238 Mukim Sungai Buloh, Daerah Petaling, Selangor Darul Ehsan. (KWASA MBSA)",LPHS25-U-008;LPHS25-P-025,LPHS Q1 2025 match used only to enrich location/PBT/context; 2026 source remains authoritative for 2026 status/KPI.
IDM-U-002,Rumah Idaman Selangor,Idaman Elmina,Idaman Elmina,Petaling,MBSA,Sungai Buloh,Konsortium PNSB Construction,E Khas,Pangsapuri,3138,250000,250000,Dalam Pembinaan,,2027,,,,daerah rasmi; koordinat projek belum disahkan,SRC-IDAMAN-PIPELINE-2026,2026-05,Rasmi 2026,2026,Verified 2026 update,,"Di Atas Hakmilik HS(D) 308786 PT 55372, HS(D) 308785 PT 53775 Dan HS(D) 310383 PT 53374, Mukim Sungai Buloh, Daerah Petaling, Selangor Darul Ehsan. (ELMINA)",LPHS25-P-026,LPHS Q1 2025 match used only to enrich location/PBT/context; 2026 source remains authoritative for 2026 status/KPI.
IDM-U-003,Rumah Idaman Selangor,Idaman Greenwoods / Paramount Greenwoods,Idaman Greenwoods / Paramount Greenwoods,Sepang,MPSp,Dengkil,Konsortium PNSB Construction (Paramount Property (Sepang) Sdn. Bhd.),E Khas,Pangsapuri,1076,250000,250000,Dalam Pembinaan,,2027,,,,daerah rasmi; koordinat projek belum disahkan,SRC-IDAMAN-PIPELINE-2026,2026-05,Rasmi 2026,2026,Verified 2026 update,,"Ke Atas Hakmilik GRN 162633 Lot 17182 Di Mukim Dengkil, Daerah Sepang (Greenwoods Salak Perdana)",LPHS25-U-035,LPHS Q1 2025 match used only to enrich location/PBT/context; 2026 source remains authoritative for 2026 status/KPI.
IDM-U-004,Rumah Idaman Selangor,Idaman Abadi Heights,Idaman Abadi Heights,Sepang,MPSp,Dengkil,Konsortium PNSB Contruction (sebelum ini Abadi Man Nien Sdn. Bhd.) Idaman Aktif Sdn. Bhd.,E Khas,Pangsapuri,513,250000,250000,Dalam Pembinaan,,2026,,,,daerah rasmi; koordinat projek belum disahkan,SRC-IDAMAN-PIPELINE-2026,2026-05,Rasmi 2026,2026,Verified 2026 update,,"Di Atas Lot PT 49908, PT 49907 Dan Lot 9285 Abadi Heights, Mukim Dengkil, Daerah Sepang IDAMAN SARI",LPHS25-U-034,LPHS Q1 2025 match used only to enrich location/PBT/context; 2026 source remains authoritative for 2026 status/KPI.
IDM-U-005,Rumah Idaman Selangor,Idaman Saujana / Myra Saujana,Idaman Saujana / Myra Saujana,Sepang,MPSp,Dengkil,OIB Properties PRV Sdn. Bhd. (Konsortium PNSB Construction),E Khas,Pangsapuri,858,250000,250000,Dalam Pembinaan,,2027,,,,daerah rasmi; koordinat projek belum disahkan,SRC-IDAMAN-PIPELINE-2026,2026-05,Rasmi 2026,2026,Verified 2026 update,,"Di Atas GRN 322901 Lot 3479, GRN 31479 Lot 1910, GRN 31480 Lot 1911 Dan GM 941 Lot 2378, Mukim Dengkil, Daerah Sepang (MYRA SAUJANA)",LPHS25-P-160,LPHS Q1 2025 match used only to enrich location/PBT/context; 2026 source remains authoritative for 2026 status/KPI.
IDM-U-006,Rumah Idaman Selangor,Idaman Putra / Desa Pinggiran Putra,Idaman Putra / Desa Pinggiran Putra,Sepang,MPSp,Dengkil,Konsortium PNSB Construction (OIB) (Pesaka Saujana (M) Sdn. Bhd. d/a Porpoise Resources Sdn. Bhd.),E Khas,Pangsapuri,502,250000,250000,Dalam Pembinaan,,2027,,,,daerah rasmi; koordinat projek belum disahkan,SRC-IDAMAN-PIPELINE-2026,2026-05,Rasmi 2026,2026,Verified 2026 update,,"Di Atas Hakmilik PM 5444 Lot 38767 di Mukim Dengkil, Daerah Sepang (Desa Pinggiran Putra)",LPHS25-U-036,LPHS Q1 2025 match used only to enrich location/PBT/context; 2026 source remains authoritative for 2026 status/KPI.
IDM-U-007,Rumah Idaman Selangor,Idaman Alam / Alam Perdana,Idaman Alam / Alam Perdana,Kuala Selangor,,,,E Khas,Pangsapuri,1048,250000,250000,Dalam Pembinaan,,2027,,,,daerah rasmi; koordinat projek belum disahkan,SRC-IDAMAN-PIPELINE-2026,2026-05,Rasmi 2026,2026,Verified 2026 update,,,,
IDM-U-008,Rumah Idaman Selangor,Idaman Pekan Bangi Lama,Idaman Pekan Bangi Lama,Hulu Langat,MPKj,,Menteri Besar Selangor Pemerbadanan (MBI) Trans Loyal Development Sdn. Bhd.,E Khas,Pangsapuri,1176,250000,250000,Dalam Pembinaan,,2028,,,,daerah rasmi; koordinat projek belum disahkan,SRC-IDAMAN-PIPELINE-2026,2026-05,Rasmi 2026,2026,Verified 2026 update,,"Di Atas Lot 1237 (PT 80086) & Lot 1238 (PT 80089), Pekan Bangi Lama, Kajang, Daerah Hulu Langat. PEKAN BANGI LAMA",LPHS25-P-122,LPHS Q1 2025 match used only to enrich location/PBT/context; 2026 source remains authoritative for 2026 status/KPI.
IDM-U-009,Rumah Idaman Selangor,Idaman Serene Heights / UEM Serene Heights,Idaman Serene Heights / UEM Serene Heights,Hulu Langat,MPKj,Semenyih,Konsortium PNSB Construction Sdn. Bhd. (UEM Sunrise),E Khas,Pangsapuri,1076,250000,250000,Dalam Pembinaan,,2028,,,,daerah rasmi; koordinat projek belum disahkan,SRC-IDAMAN-PIPELINE-2026,2026-05,Rasmi 2026,2026,Verified 2026 update,,"Di Atas Hakmilik HSD 176522 PT 44501, HSD 176523 PT 44502 Dan PT 44515, Mukim Semenyih, Daerah Hulu Langat (Serene Heights)",LPHS25-P-130,"LPHS Q1 2025 match used only to enrich location/PBT/context; 2026 source remains authoritative for 2026 status/KPI. Nota: LPHS Q1 2025 merekod 2,086 unit untuk tapak Serene Heights, berbeza daripada angka pipeline 2026 yang digunakan dalam dashboard; tidak diselaraskan secara automatik."
RSKU-2026-001,Rumah Selangorku,Pangsapuri Indah Selangorku (Rizab Melayu),Pangsapuri Indah Selangorku (Rizab Melayu),Sepang,MPSp,Labu,Hartawan Park Sdn Bhd,Jenis D,Apartmen,296,235000,235000,Penawaran Terbuka / Terus / Bebas,,,,,,mukim/daerah rasmi; koordinat belum disahkan,SRC-LPHS-RSKU-JAN2026,2026-01-15,Rekod projek rasmi LPHS 15 Jan 2026,2026,Verified 2026 update,,"Di Atas Lot 1204 (H.S.(M)1116), Dan Lot 3386 (PM 499) Tanah Simpanan Melayu, Mukim Labu, Daerah Sepang,",LPHS25-U-039,LPHS Q1 2025 match used only to enrich location/PBT/context; 2026 source remains authoritative for 2026 status/KPI.
